Workbook

Sheet Ing statnice jun 2018
A1: Štátne skúšky, letný semester 2017/2018 - inžinierske štúdium
N2: Obhajoba hodnotenie | P2: Prospech | R2: Ďalšie informácie | U2: Návrh - cena akákoľvek | V2: Návrh na ocenenie z komisií za prácu (CR, CD, UI SAV, IET, PLD) | AB2: Ocenenie za prospech (MCL, CL) | AE2: Súťaže (IT SPY, ING CENA)
A3: Por.č. | B3: uzavreté štúdium A/N | C3: Priezvisko, meno, titul | F3: štud.program | G3: Dátum ŠS | H3: Komisia č. | I3: predseda komisie | J3: tajomník | K3: názov diplomovej práce | L3: vedúci | M3: oponent | N3: oponent | O3: komisia | P3: VŠP- nekompletné za inž.štúdium | Q3: VŠP- za celé inž.štúdium | R3: hlási sa na PhD. | S3: DP3 v AJ | T3: ŠS opravný termín | U3: Automatický návrh A / N | V3: Návrh - Poradie | W3: článok iný A/N | X3: článok IIT SRC A/N | Y3: Automatický návrh | Z3: Návrh do RŠP | AA3: Konečné rozhodnutie (RŠP) | AB3: Automatický návrh | AC3: Návrh do RŠP | AD3: Konečné rozhodnutie (RŠP) | AE3: Konečné rozhodnutie (RŠP) | AF3: potvrdenie IET - kto nie
A4: 36 | B4: A | C4: Gondová | D4: Veronika | E4: Bc. | F4: IS 2 | G4: 43262 | H4: 1p-IS | I4: Bieliková | J4: Pecár | K4: Modelovanie používateľa v doméne e-obchodu | L4: prof. Ing. Mária Bieliková, PhD. | M4: Ing. Ivan Srba, PhD. | N4: A | O4: A | P4: 1.13 | Q4: 1.12 | S4: A | U4: =IF(OR(V4<>"",Y4<>"",AB4<>""),"Navrh","") -> Navrh | V4: 1 | W4: A 3x | Y4: =IF(Q4<>"",IF(Q4<=1.2,IF(O4="A","CR",IF(V4<>"",IF(Parametre_2018!N$4=1,IF(LEFT(V4,1)="1",IF(V4<>"",IF(Parametre_2018!O$4<>"",IF(N4<=Parametre_2018!O$4,IF(V4<>"",IF(Parametre_2018!P$4<>"",IF(O4<=Parametre_2018!P$4,"PLD",""),"PLD"),""),""),IF(V4<>"",IF(Parametre_2018!P$4<>"",IF(O4<=Parametre_2018!P$4,"PLD",""),"PLD"),"")),""),""),IF(V4<>"",IF(Parametre_2018!O$4<>"",IF(N4<=Parametre_2018!O$4,IF(V4<>"",IF(Parametre_2018!P$4<>"",IF(O4<=Parametre_2018!P$4,"PLD",""),"PLD"),""),""),IF(V4<>"",IF(Parametre_2018!P$4<>"",IF(O4<=Parametre_2018!P$4,"PLD",""),"PLD"),"")),"")),"")),IF(V4<>"",IF(Parametre_2018!N$4=1,IF(LEFT(V4,1)="1",IF(V4<>"",IF(Parametre_2018!O$4<>"",IF(N4<=Parametre_2018!O$4,IF(V4<>"",IF(Parametre_2018!P$4<>"",IF(O4<=Parametre_2018!P$4,"PLD",""),"PLD"),""),""),IF(V4<>"",IF(Parametre_2018!P$4<>"",IF(O4<=Parametre_2018!P$4,"PLD",""),"PLD"),"")),""),""),IF(V4<>"",IF(Parametre_2018!O$4<>"",IF(N4<=Parametre_2018!O$4,IF(V4<>"",IF(Parametre_2018!P$4<>"",IF(O4<=Parametre_2018!P$4,"PLD",""),"PLD"),""),""),IF(V4<>"",IF(Parametre_2018!P$4<>"",IF(O4<=Parametre_2018!P$4,"PLD",""),"PLD"),"")),"")),"")),"") -> CR | Z4: CR | AA4: CR | AB4: =IF(Q4<>"",IF(Q4<=Parametre_2018!B$4,IF(Parametre_2018!C$4<>"",IF(N4<=Parametre_2018!C$4,IF(Parametre_2018!D$4<>"",IF(O4<=Parametre_2018!D$4,"MCL",IF(Parametre_2018!I$4<>"",IF(N4<=Parametre_2018!I$4,IF(Parametre_2018!J$4<>"",IF(O4<=Parametre_2018!J$4,"CL",""),"CL"),""),IF(Parametre_2018!J$4<>"",IF(O4<=Parametre_2018!J$4,"CL",""),"CL"))),"MCL"),IF(Parametre_2018!I$4<>"",IF(N4<=Parametre_2018!I$4,IF(Parametre_2018!J$4<>"",IF(O4<=Parametre_2018!J$4,"CL",""),"CL"),""),IF(Parametre_2018!J$4<>"",IF(O4<=Parametre_2018!J$4,"CL",""),"CL"))),IF(Parametre_2018!D$4<>"",IF(O4<=Parametre_2018!D$4,"MCL",IF(Parametre_2018!I$4<>"",IF(N4<=Parametre_2018!I$4,IF(Parametre_2018!J$4<>"",IF(O4<=Parametre_2018!J$4,"CL",""),"CL"),""),IF(Parametre_2018!J$4<>"",IF(O4<=Parametre_2018!J$4,"CL",""),"CL"))),"MCL")),IF(Q4<>"",IF(AND(Q4>Parametre_2018!B$4,Q4<=Parametre_2018!H$4),IF(Parametre_2018!I$4<>"",IF(N4<=Parametre_2018!I$4,IF(Parametre_2018!J$4<>"",IF(O4<=Parametre_2018!J$4,"CL",""),"CL"),""),IF(Parametre_2018!J$4<>"",IF(O4<=Parametre_2018!J$4,"CL",""),"CL")),""),"")),"") -> MCL | AE4: IT Spy - Top
A5: 46 | B5: A | C5: Ilavský | D5: Martin | E5: Bc. | F5: SI 2 | G5: 43262 | H5: 6p-IS-SI | I5: Chudá | J5: Petrík | K5: Simulácie útočných scenárov v mobilných ad hoc sieťach | L5: Ing. Jozef Filipek | M5: Ing. Ján Laštinec, PhD. | N5: A | O5: A | P5: 1.23 | Q5: 1.18 | U5: =IF(OR(V5<>"",Y5<>"",AB5<>""),"Navrh","") -> Navrh | V5: 1 | W5: A | Y5: =IF(Q5<>"",IF(Q5<=1.2,IF(O5="A","CR",IF(V5<>"",IF(Parametre_2018!N$4=1,IF(LEFT(V5,1)="1",IF(V5<>"",IF(Parametre_2018!O$4<>"",IF(N5<=Parametre_2018!O$4,IF(V5<>"",IF(Parametre_2018!P$4<>"",IF(O5<=Parametre_2018!P$4,"PLD",""),"PLD"),""),""),IF(V5<>"",IF(Parametre_2018!P$4<>"",IF(O5<=Parametre_2018!P$4,"PLD",""),"PLD"),"")),""),""),IF(V5<>"",IF(Parametre_2018!O$4<>"",IF(N5<=Parametre_2018!O$4,IF(V5<>"",IF(Parametre_2018!P$4<>"",IF(O5<=Parametre_2018!P$4,"PLD",""),"PLD"),""),""),IF(V5<>"",IF(Parametre_2018!P$4<>"",IF(O5<=Parametre_2018!P$4,"PLD",""),"PLD"),"")),"")),"")),IF(V5<>"",IF(Parametre_2018!N$4=1,IF(LEFT(V5,1)="1",IF(V5<>"",IF(Parametre_2018!O$4<>"",IF(N5<=Parametre_2018!O$4,IF(V5<>"",IF(Parametre_2018!P$4<>"",IF(O5<=Parametre_2018!P$4,"PLD",""),"PLD"),""),""),IF(V5<>"",IF(Parametre_2018!P$4<>"",IF(O5<=Parametre_2018!P$4,"PLD",""),"PLD"),"")),""),""),IF(V5<>"",IF(Parametre_2018!O$4<>"",IF(N5<=Parametre_2018!O$4,IF(V5<>"",IF(Parametre_2018!P$4<>"",IF(O5<=Parametre_2018!P$4,"PLD",""),"PLD"),""),""),IF(V5<>"",IF(Parametre_2018!P$4<>"",IF(O5<=Parametre_2018!P$4,"PLD",""),"PLD"),"")),"")),"")),"") -> CR | Z5: CR | AA5: CR | AB5: =IF(Q5<>"",IF(Q5<=Parametre_2018!B$4,IF(Parametre_2018!C$4<>"",IF(N5<=Parametre_2018!C$4,IF(Parametre_2018!D$4<>"",IF(O5<=Parametre_2018!D$4,"MCL",IF(Parametre_2018!I$4<>"",IF(N5<=Parametre_2018!I$4,IF(Parametre_2018!J$4<>"",IF(O5<=Parametre_2018!J$4,"CL",""),"CL"),""),IF(Parametre_2018!J$4<>"",IF(O5<=Parametre_2018!J$4,"CL",""),"CL"))),"MCL"),IF(Parametre_2018!I$4<>"",IF(N5<=Parametre_2018!I$4,IF(Parametre_2018!J$4<>"",IF(O5<=Parametre_2018!J$4,"CL",""),"CL"),""),IF(Parametre_2018!J$4<>"",IF(O5<=Parametre_2018!J$4,"CL",""),"CL"))),IF(Parametre_2018!D$4<>"",IF(O5<=Parametre_2018!D$4,"MCL",IF(Parametre_2018!I$4<>"",IF(N5<=Parametre_2018!I$4,IF(Parametre_2018!J$4<>"",IF(O5<=Parametre_2018!J$4,"CL",""),"CL"),""),IF(Parametre_2018!J$4<>"",IF(O5<=Parametre_2018!J$4,"CL",""),"CL"))),"MCL")),IF(Q5<>"",IF(AND(Q5>Parametre_2018!B$4,Q5<=Parametre_2018!H$4),IF(Parametre_2018!I$4<>"",IF(N5<=Parametre_2018!I$4,IF(Parametre_2018!J$4<>"",IF(O5<=Parametre_2018!J$4,"CL",""),"CL"),""),IF(Parametre_2018!J$4<>"",IF(O5<=Parametre_2018!J$4,"CL",""),"CL")),""),"")),"") -> CL | AE5: IT Spy
A6: 26 | B6: A | C6: Dragúňová | D6: Mária | E6: Bc. | F6: IS 2 | G6: 43262 | H6: 1p-IS | I6: Bieliková | J6: Pecár | K6: Identifikovanie charakteristík používateľa využitím analýzy pohľadu | L6: Mgr. Jozef Tvarožek, PhD. | M6: Ing. Jakub Šimko, PhD. | N6: A | O6: A | P6: 1.23 | Q6: 1.22 | U6: =IF(OR(V6<>"",Y6<>"",AB6<>""),"Navrh","") -> Navrh | W6: A | Y6: =IF(Q6<>"",IF(Q6<=1.2,IF(O6="A","CR",IF(V6<>"",IF(Parametre_2018!N$4=1,IF(LEFT(V6,1)="1",IF(V6<>"",IF(Parametre_2018!O$4<>"",IF(N6<=Parametre_2018!O$4,IF(V6<>"",IF(Parametre_2018!P$4<>"",IF(O6<=Parametre_2018!P$4,"PLD",""),"PLD"),""),""),IF(V6<>"",IF(Parametre_2018!P$4<>"",IF(O6<=Parametre_2018!P$4,"PLD",""),"PLD"),"")),""),""),IF(V6<>"",IF(Parametre_2018!O$4<>"",IF(N6<=Parametre_2018!O$4,IF(V6<>"",IF(Parametre_2018!P$4<>"",IF(O6<=Parametre_2018!P$4,"PLD",""),"PLD"),""),""),IF(V6<>"",IF(Parametre_2018!P$4<>"",IF(O6<=Parametre_2018!P$4,"PLD",""),"PLD"),"")),"")),"")),IF(V6<>"",IF(Parametre_2018!N$4=1,IF(LEFT(V6,1)="1",IF(V6<>"",IF(Parametre_2018!O$4<>"",IF(N6<=Parametre_2018!O$4,IF(V6<>"",IF(Parametre_2018!P$4<>"",IF(O6<=Parametre_2018!P$4,"PLD",""),"PLD"),""),""),IF(V6<>"",IF(Parametre_2018!P$4<>"",IF(O6<=Parametre_2018!P$4,"PLD",""),"PLD"),"")),""),""),IF(V6<>"",IF(Parametre_2018!O$4<>"",IF(N6<=Parametre_2018!O$4,IF(V6<>"",IF(Parametre_2018!P$4<>"",IF(O6<=Parametre_2018!P$4,"PLD",""),"PLD"),""),""),IF(V6<>"",IF(Parametre_2018!P$4<>"",IF(O6<=Parametre_2018!P$4,"PLD",""),"PLD"),"")),"")),"")),"") | Z6: CD? | AA6: IET | AB6: =IF(Q6<>"",IF(Q6<=Parametre_2018!B$4,IF(Parametre_2018!C$4<>"",IF(N6<=Parametre_2018!C$4,IF(Parametre_2018!D$4<>"",IF(O6<=Parametre_2018!D$4,"MCL",IF(Parametre_2018!I$4<>"",IF(N6<=Parametre_2018!I$4,IF(Parametre_2018!J$4<>"",IF(O6<=Parametre_2018!J$4,"CL",""),"CL"),""),IF(Parametre_2018!J$4<>"",IF(O6<=Parametre_2018!J$4,"CL",""),"CL"))),"MCL"),IF(Parametre_2018!I$4<>"",IF(N6<=Parametre_2018!I$4,IF(Parametre_2018!J$4<>"",IF(O6<=Parametre_2018!J$4,"CL",""),"CL"),""),IF(Parametre_2018!J$4<>"",IF(O6<=Parametre_2018!J$4,"CL",""),"CL"))),IF(Parametre_2018!D$4<>"",IF(O6<=Parametre_2018!D$4,"MCL",IF(Parametre_2018!I$4<>"",IF(N6<=Parametre_2018!I$4,IF(Parametre_2018!J$4<>"",IF(O6<=Parametre_2018!J$4,"CL",""),"CL"),""),IF(Parametre_2018!J$4<>"",IF(O6<=Parametre_2018!J$4,"CL",""),"CL"))),"MCL")),IF(Q6<>"",IF(AND(Q6>Parametre_2018!B$4,Q6<=Parametre_2018!H$4),IF(Parametre_2018!I$4<>"",IF(N6<=Parametre_2018!I$4,IF(Parametre_2018!J$4<>"",IF(O6<=Parametre_2018!J$4,"CL",""),"CL"),""),IF(Parametre_2018!J$4<>"",IF(O6<=Parametre_2018!J$4,"CL",""),"CL")),""),"")),"") -> CL
A7: 9 | B7: A | C7: Bobotová | D7: Zuzana | E7: Bc. | F7: IS 2 | G7: 43262 | H7: 7p-IS-SI | I7: Benešová | J7: Marták | K7: Spracovanie trojrozmerných medicínskych dát metódami počítačového videnia | L7: doc. Ing. Vanda Benešová, PhD. | M7: Ing. Martin Tamajka | N7: A | O7: A | P7: 1.4 | Q7: 1.3 | S7: A | U7: =IF(OR(V7<>"",Y7<>"",AB7<>""),"Navrh","") -> Navrh | V7: 2 | Y7: =IF(Q7<>"",IF(Q7<=1.2,IF(O7="A","CR",IF(V7<>"",IF(Parametre_2018!N$4=1,IF(LEFT(V7,1)="1",IF(V7<>"",IF(Parametre_2018!O$4<>"",IF(N7<=Parametre_2018!O$4,IF(V7<>"",IF(Parametre_2018!P$4<>"",IF(O7<=Parametre_2018!P$4,"PLD",""),"PLD"),""),""),IF(V7<>"",IF(Parametre_2018!P$4<>"",IF(O7<=Parametre_2018!P$4,"PLD",""),"PLD"),"")),""),""),IF(V7<>"",IF(Parametre_2018!O$4<>"",IF(N7<=Parametre_2018!O$4,IF(V7<>"",IF(Parametre_2018!P$4<>"",IF(O7<=Parametre_2018!P$4,"PLD",""),"PLD"),""),""),IF(V7<>"",IF(Parametre_2018!P$4<>"",IF(O7<=Parametre_2018!P$4,"PLD",""),"PLD"),"")),"")),"")),IF(V7<>"",IF(Parametre_2018!N$4=1,IF(LEFT(V7,1)="1",IF(V7<>"",IF(Parametre_2018!O$4<>"",IF(N7<=Parametre_2018!O$4,IF(V7<>"",IF(Parametre_2018!P$4<>"",IF(O7<=Parametre_2018!P$4,"PLD",""),"PLD"),""),""),IF(V7<>"",IF(Parametre_2018!P$4<>"",IF(O7<=Parametre_2018!P$4,"PLD",""),"PLD"),"")),""),""),IF(V7<>"",IF(Parametre_2018!O$4<>"",IF(N7<=Parametre_2018!O$4,IF(V7<>"",IF(Parametre_2018!P$4<>"",IF(O7<=Parametre_2018!P$4,"PLD",""),"PLD"),""),""),IF(V7<>"",IF(Parametre_2018!P$4<>"",IF(O7<=Parametre_2018!P$4,"PLD",""),"PLD"),"")),"")),"")),"") -> PLD | Z7: CD? | AA7: CD | AB7: =IF(Q7<>"",IF(Q7<=Parametre_2018!B$4,IF(Parametre_2018!C$4<>"",IF(N7<=Parametre_2018!C$4,IF(Parametre_2018!D$4<>"",IF(O7<=Parametre_2018!D$4,"MCL",IF(Parametre_2018!I$4<>"",IF(N7<=Parametre_2018!I$4,IF(Parametre_2018!J$4<>"",IF(O7<=Parametre_2018!J$4,"CL",""),"CL"),""),IF(Parametre_2018!J$4<>"",IF(O7<=Parametre_2018!J$4,"CL",""),"CL"))),"MCL"),IF(Parametre_2018!I$4<>"",IF(N7<=Parametre_2018!I$4,IF(Parametre_2018!J$4<>"",IF(O7<=Parametre_2018!J$4,"CL",""),"CL"),""),IF(Parametre_2018!J$4<>"",IF(O7<=Parametre_2018!J$4,"CL",""),"CL"))),IF(Parametre_2018!D$4<>"",IF(O7<=Parametre_2018!D$4,"MCL",IF(Parametre_2018!I$4<>"",IF(N7<=Parametre_2018!I$4,IF(Parametre_2018!J$4<>"",IF(O7<=Parametre_2018!J$4,"CL",""),"CL"),""),IF(Parametre_2018!J$4<>"",IF(O7<=Parametre_2018!J$4,"CL",""),"CL"))),"MCL")),IF(Q7<>"",IF(AND(Q7>Parametre_2018!B$4,Q7<=Parametre_2018!H$4),IF(Parametre_2018!I$4<>"",IF(N7<=Parametre_2018!I$4,IF(Parametre_2018!J$4<>"",IF(O7<=Parametre_2018!J$4,"CL",""),"CL"),""),IF(Parametre_2018!J$4<>"",IF(O7<=Parametre_2018!J$4,"CL",""),"CL")),""),"")),"") -> CL | AE7: IT Spy
A8: 70 | B8: A | C8: Mocko | D8: Martin | E8: Bc. | F8: IS 2 | G8: 43262 | H8: 1p-IS | I8: Bieliková | J8: Pecár | K8: Detekcia anomálií v transakčných údajoch | L8: Ing. Jakub Ševcech, PhD. | M8: Ing. Ondrej Kaššák, PhD. | N8: A | O8: A | P8: 1.38 | Q8: 1.3 | R8: D-IIS | U8: =IF(OR(V8<>"",Y8<>"",AB8<>""),"Navrh","") -> Navrh | W8: A | Y8: =IF(Q8<>"",IF(Q8<=1.2,IF(O8="A","CR",IF(V8<>"",IF(Parametre_2018!N$4=1,IF(LEFT(V8,1)="1",IF(V8<>"",IF(Parametre_2018!O$4<>"",IF(N8<=Parametre_2018!O$4,IF(V8<>"",IF(Parametre_2018!P$4<>"",IF(O8<=Parametre_2018!P$4,"PLD",""),"PLD"),""),""),IF(V8<>"",IF(Parametre_2018!P$4<>"",IF(O8<=Parametre_2018!P$4,"PLD",""),"PLD"),"")),""),""),IF(V8<>"",IF(Parametre_2018!O$4<>"",IF(N8<=Parametre_2018!O$4,IF(V8<>"",IF(Parametre_2018!P$4<>"",IF(O8<=Parametre_2018!P$4,"PLD",""),"PLD"),""),""),IF(V8<>"",IF(Parametre_2018!P$4<>"",IF(O8<=Parametre_2018!P$4,"PLD",""),"PLD"),"")),"")),"")),IF(V8<>"",IF(Parametre_2018!N$4=1,IF(LEFT(V8,1)="1",IF(V8<>"",IF(Parametre_2018!O$4<>"",IF(N8<=Parametre_2018!O$4,IF(V8<>"",IF(Parametre_2018!P$4<>"",IF(O8<=Parametre_2018!P$4,"PLD",""),"PLD"),""),""),IF(V8<>"",IF(Parametre_2018!P$4<>"",IF(O8<=Parametre_2018!P$4,"PLD",""),"PLD"),"")),""),""),IF(V8<>"",IF(Parametre_2018!O$4<>"",IF(N8<=Parametre_2018!O$4,IF(V8<>"",IF(Parametre_2018!P$4<>"",IF(O8<=Parametre_2018!P$4,"PLD",""),"PLD"),""),""),IF(V8<>"",IF(Parametre_2018!P$4<>"",IF(O8<=Parametre_2018!P$4,"PLD",""),"PLD"),"")),"")),"")),"") | Z8: CD/UI SAV | AA8: UI SAV | AB8: =IF(Q8<>"",IF(Q8<=Parametre_2018!B$4,IF(Parametre_2018!C$4<>"",IF(N8<=Parametre_2018!C$4,IF(Parametre_2018!D$4<>"",IF(O8<=Parametre_2018!D$4,"MCL",IF(Parametre_2018!I$4<>"",IF(N8<=Parametre_2018!I$4,IF(Parametre_2018!J$4<>"",IF(O8<=Parametre_2018!J$4,"CL",""),"CL"),""),IF(Parametre_2018!J$4<>"",IF(O8<=Parametre_2018!J$4,"CL",""),"CL"))),"MCL"),IF(Parametre_2018!I$4<>"",IF(N8<=Parametre_2018!I$4,IF(Parametre_2018!J$4<>"",IF(O8<=Parametre_2018!J$4,"CL",""),"CL"),""),IF(Parametre_2018!J$4<>"",IF(O8<=Parametre_2018!J$4,"CL",""),"CL"))),IF(Parametre_2018!D$4<>"",IF(O8<=Parametre_2018!D$4,"MCL",IF(Parametre_2018!I$4<>"",IF(N8<=Parametre_2018!I$4,IF(Parametre_2018!J$4<>"",IF(O8<=Parametre_2018!J$4,"CL",""),"CL"),""),IF(Parametre_2018!J$4<>"",IF(O8<=Parametre_2018!J$4,"CL",""),"CL"))),"MCL")),IF(Q8<>"",IF(AND(Q8>Parametre_2018!B$4,Q8<=Parametre_2018!H$4),IF(Parametre_2018!I$4<>"",IF(N8<=Parametre_2018!I$4,IF(Parametre_2018!J$4<>"",IF(O8<=Parametre_2018!J$4,"CL",""),"CL"),""),IF(Parametre_2018!J$4<>"",IF(O8<=Parametre_2018!J$4,"CL",""),"CL")),""),"")),"") -> CL
A9: 105 | B9: N | C9: Švec | D9: Andrej | E9: Bc. | F9: IS 2 | G9: 43262 | H9: 1p-IS | I9: Bieliková | J9: Pecár | K9: Modelovanie vhodnosti textových príspevkov | L9: prof. Ing. Mária Bieliková, PhD. | M9: doc. Ing. Marián Šimko, PhD. | N9: B | O9: A | P9: 1.35 | Q9: 1.32 | U9: =IF(OR(V9<>"",Y9<>"",AB9<>""),"Navrh","") -> Navrh | X9: A | Y9: =IF(Q9<>"",IF(Q9<=1.2,IF(O9="A","CR",IF(V9<>"",IF(Parametre_2018!N$4=1,IF(LEFT(V9,1)="1",IF(V9<>"",IF(Parametre_2018!O$4<>"",IF(N9<=Parametre_2018!O$4,IF(V9<>"",IF(Parametre_2018!P$4<>"",IF(O9<=Parametre_2018!P$4,"PLD",""),"PLD"),""),""),IF(V9<>"",IF(Parametre_2018!P$4<>"",IF(O9<=Parametre_2018!P$4,"PLD",""),"PLD"),"")),""),""),IF(V9<>"",IF(Parametre_2018!O$4<>"",IF(N9<=Parametre_2018!O$4,IF(V9<>"",IF(Parametre_2018!P$4<>"",IF(O9<=Parametre_2018!P$4,"PLD",""),"PLD"),""),""),IF(V9<>"",IF(Parametre_2018!P$4<>"",IF(O9<=Parametre_2018!P$4,"PLD",""),"PLD"),"")),"")),"")),IF(V9<>"",IF(Parametre_2018!N$4=1,IF(LEFT(V9,1)="1",IF(V9<>"",IF(Parametre_2018!O$4<>"",IF(N9<=Parametre_2018!O$4,IF(V9<>"",IF(Parametre_2018!P$4<>"",IF(O9<=Parametre_2018!P$4,"PLD",""),"PLD"),""),""),IF(V9<>"",IF(Parametre_2018!P$4<>"",IF(O9<=Parametre_2018!P$4,"PLD",""),"PLD"),"")),""),""),IF(V9<>"",IF(Parametre_2018!O$4<>"",IF(N9<=Parametre_2018!O$4,IF(V9<>"",IF(Parametre_2018!P$4<>"",IF(O9<=Parametre_2018!P$4,"PLD",""),"PLD"),""),""),IF(V9<>"",IF(Parametre_2018!P$4<>"",IF(O9<=Parametre_2018!P$4,"PLD",""),"PLD"),"")),"")),"")),"") | AB9: =IF(Q9<>"",IF(Q9<=Parametre_2018!B$4,IF(Parametre_2018!C$4<>"",IF(N9<=Parametre_2018!C$4,IF(Parametre_2018!D$4<>"",IF(O9<=Parametre_2018!D$4,"MCL",IF(Parametre_2018!I$4<>"",IF(N9<=Parametre_2018!I$4,IF(Parametre_2018!J$4<>"",IF(O9<=Parametre_2018!J$4,"CL",""),"CL"),""),IF(Parametre_2018!J$4<>"",IF(O9<=Parametre_2018!J$4,"CL",""),"CL"))),"MCL"),IF(Parametre_2018!I$4<>"",IF(N9<=Parametre_2018!I$4,IF(Parametre_2018!J$4<>"",IF(O9<=Parametre_2018!J$4,"CL",""),"CL"),""),IF(Parametre_2018!J$4<>"",IF(O9<=Parametre_2018!J$4,"CL",""),"CL"))),IF(Parametre_2018!D$4<>"",IF(O9<=Parametre_2018!D$4,"MCL",IF(Parametre_2018!I$4<>"",IF(N9<=Parametre_2018!I$4,IF(Parametre_2018!J$4<>"",IF(O9<=Parametre_2018!J$4,"CL",""),"CL"),""),IF(Parametre_2018!J$4<>"",IF(O9<=Parametre_2018!J$4,"CL",""),"CL"))),"MCL")),IF(Q9<>"",IF(AND(Q9>Parametre_2018!B$4,Q9<=Parametre_2018!H$4),IF(Parametre_2018!I$4<>"",IF(N9<=Parametre_2018!I$4,IF(Parametre_2018!J$4<>"",IF(O9<=Parametre_2018!J$4,"CL",""),"CL"),""),IF(Parametre_2018!J$4<>"",IF(O9<=Parametre_2018!J$4,"CL",""),"CL")),""),"")),"") -> CL
A10: 61 | B10: A | C10: Laco | D10: Miroslav | E10: Bc. | F10: IS 2 | G10: 43262 | H10: 7p-IS-SI | I10: Benešová | J10: Marták | K10: Model predikcie ľudskej vizuálnej pozornosti so zameraním na rôzne aspekty vizuálneho vnemu človeka | L10: doc. Ing. Vanda Benešová, PhD. | M10: Ing. Patrik Polatsek | N10: A | O10: A | P10: 1.39 | Q10: 1.33 | R10: D-AI | S10: A | U10: =IF(OR(V10<>"",Y10<>"",AB10<>""),"Navrh","") -> Navrh | V10: 1 | W10: A | X10: A | Y10: =IF(Q10<>"",IF(Q10<=1.2,IF(O10="A","CR",IF(V10<>"",IF(Parametre_2018!N$4=1,IF(LEFT(V10,1)="1",IF(V10<>"",IF(Parametre_2018!O$4<>"",IF(N10<=Parametre_2018!O$4,IF(V10<>"",IF(Parametre_2018!P$4<>"",IF(O10<=Parametre_2018!P$4,"PLD",""),"PLD"),""),""),IF(V10<>"",IF(Parametre_2018!P$4<>"",IF(O10<=Parametre_2018!P$4,"PLD",""),"PLD"),"")),""),""),IF(V10<>"",IF(Parametre_2018!O$4<>"",IF(N10<=Parametre_2018!O$4,IF(V10<>"",IF(Parametre_2018!P$4<>"",IF(O10<=Parametre_2018!P$4,"PLD",""),"PLD"),""),""),IF(V10<>"",IF(Parametre_2018!P$4<>"",IF(O10<=Parametre_2018!P$4,"PLD",""),"PLD"),"")),"")),"")),IF(V10<>"",IF(Parametre_2018!N$4=1,IF(LEFT(V10,1)="1",IF(V10<>"",IF(Parametre_2018!O$4<>"",IF(N10<=Parametre_2018!O$4,IF(V10<>"",IF(Parametre_2018!P$4<>"",IF(O10<=Parametre_2018!P$4,"PLD",""),"PLD"),""),""),IF(V10<>"",IF(Parametre_2018!P$4<>"",IF(O10<=Parametre_2018!P$4,"PLD",""),"PLD"),"")),""),""),IF(V10<>"",IF(Parametre_2018!O$4<>"",IF(N10<=Parametre_2018!O$4,IF(V10<>"",IF(Parametre_2018!P$4<>"",IF(O10<=Parametre_2018!P$4,"PLD",""),"PLD"),""),""),IF(V10<>"",IF(Parametre_2018!P$4<>"",IF(O10<=Parametre_2018!P$4,"PLD",""),"PLD"),"")),"")),"")),"") -> PLD | Z10: CD | AA10: CD | AB10: =IF(Q10<>"",IF(Q10<=Parametre_2018!B$4,IF(Parametre_2018!C$4<>"",IF(N10<=Parametre_2018!C$4,IF(Parametre_2018!D$4<>"",IF(O10<=Parametre_2018!D$4,"MCL",IF(Parametre_2018!I$4<>"",IF(N10<=Parametre_2018!I$4,IF(Parametre_2018!J$4<>"",IF(O10<=Parametre_2018!J$4,"CL",""),"CL"),""),IF(Parametre_2018!J$4<>"",IF(O10<=Parametre_2018!J$4,"CL",""),"CL"))),"MCL"),IF(Parametre_2018!I$4<>"",IF(N10<=Parametre_2018!I$4,IF(Parametre_2018!J$4<>"",IF(O10<=Parametre_2018!J$4,"CL",""),"CL"),""),IF(Parametre_2018!J$4<>"",IF(O10<=Parametre_2018!J$4,"CL",""),"CL"))),IF(Parametre_2018!D$4<>"",IF(O10<=Parametre_2018!D$4,"MCL",IF(Parametre_2018!I$4<>"",IF(N10<=Parametre_2018!I$4,IF(Parametre_2018!J$4<>"",IF(O10<=Parametre_2018!J$4,"CL",""),"CL"),""),IF(Parametre_2018!J$4<>"",IF(O10<=Parametre_2018!J$4,"CL",""),"CL"))),"MCL")),IF(Q10<>"",IF(AND(Q10>Parametre_2018!B$4,Q10<=Parametre_2018!H$4),IF(Parametre_2018!I$4<>"",IF(N10<=Parametre_2018!I$4,IF(Parametre_2018!J$4<>"",IF(O10<=Parametre_2018!J$4,"CL",""),"CL"),""),IF(Parametre_2018!J$4<>"",IF(O10<=Parametre_2018!J$4,"CL",""),"CL")),""),"")),"") -> CL | AE10: IT Spy
A11: 76 | B11: A | C11: Olejár | D11: Martin | E11: Bc. | F11: SI 2 | G11: 43263 | H11: 2u-SI | I11: Návrat | J11: Vincúr | K11: Detekcia sémantických konfliktov v softvérových modeloch | L11: Ing. Karol Rástočný, PhD. | M11: doc. Ing. Ivan Polášek, PhD. | N11: B | O11: A | P11: 1.35 | Q11: 1.35 | U11: =IF(OR(V11<>"",Y11<>"",AB11<>""),"Navrh","") -> Navrh | V11: 2 | W11: A | X11: A | Y11: =IF(Q11<>"",IF(Q11<=1.2,IF(O11="A","CR",IF(V11<>"",IF(Parametre_2018!N$4=1,IF(LEFT(V11,1)="1",IF(V11<>"",IF(Parametre_2018!O$4<>"",IF(N11<=Parametre_2018!O$4,IF(V11<>"",IF(Parametre_2018!P$4<>"",IF(O11<=Parametre_2018!P$4,"PLD",""),"PLD"),""),""),IF(V11<>"",IF(Parametre_2018!P$4<>"",IF(O11<=Parametre_2018!P$4,"PLD",""),"PLD"),"")),""),""),IF(V11<>"",IF(Parametre_2018!O$4<>"",IF(N11<=Parametre_2018!O$4,IF(V11<>"",IF(Parametre_2018!P$4<>"",IF(O11<=Parametre_2018!P$4,"PLD",""),"PLD"),""),""),IF(V11<>"",IF(Parametre_2018!P$4<>"",IF(O11<=Parametre_2018!P$4,"PLD",""),"PLD"),"")),"")),"")),IF(V11<>"",IF(Parametre_2018!N$4=1,IF(LEFT(V11,1)="1",IF(V11<>"",IF(Parametre_2018!O$4<>"",IF(N11<=Parametre_2018!O$4,IF(V11<>"",IF(Parametre_2018!P$4<>"",IF(O11<=Parametre_2018!P$4,"PLD",""),"PLD"),""),""),IF(V11<>"",IF(Parametre_2018!P$4<>"",IF(O11<=Parametre_2018!P$4,"PLD",""),"PLD"),"")),""),""),IF(V11<>"",IF(Parametre_2018!O$4<>"",IF(N11<=Parametre_2018!O$4,IF(V11<>"",IF(Parametre_2018!P$4<>"",IF(O11<=Parametre_2018!P$4,"PLD",""),"PLD"),""),""),IF(V11<>"",IF(Parametre_2018!P$4<>"",IF(O11<=Parametre_2018!P$4,"PLD",""),"PLD"),"")),"")),"")),"") -> PLD | Z11: CD/IET | AA11: CD | AB11: =IF(Q11<>"",IF(Q11<=Parametre_2018!B$4,IF(Parametre_2018!C$4<>"",IF(N11<=Parametre_2018!C$4,IF(Parametre_2018!D$4<>"",IF(O11<=Parametre_2018!D$4,"MCL",IF(Parametre_2018!I$4<>"",IF(N11<=Parametre_2018!I$4,IF(Parametre_2018!J$4<>"",IF(O11<=Parametre_2018!J$4,"CL",""),"CL"),""),IF(Parametre_2018!J$4<>"",IF(O11<=Parametre_2018!J$4,"CL",""),"CL"))),"MCL"),IF(Parametre_2018!I$4<>"",IF(N11<=Parametre_2018!I$4,IF(Parametre_2018!J$4<>"",IF(O11<=Parametre_2018!J$4,"CL",""),"CL"),""),IF(Parametre_2018!J$4<>"",IF(O11<=Parametre_2018!J$4,"CL",""),"CL"))),IF(Parametre_2018!D$4<>"",IF(O11<=Parametre_2018!D$4,"MCL",IF(Parametre_2018!I$4<>"",IF(N11<=Parametre_2018!I$4,IF(Parametre_2018!J$4<>"",IF(O11<=Parametre_2018!J$4,"CL",""),"CL"),""),IF(Parametre_2018!J$4<>"",IF(O11<=Parametre_2018!J$4,"CL",""),"CL"))),"MCL")),IF(Q11<>"",IF(AND(Q11>Parametre_2018!B$4,Q11<=Parametre_2018!H$4),IF(Parametre_2018!I$4<>"",IF(N11<=Parametre_2018!I$4,IF(Parametre_2018!J$4<>"",IF(O11<=Parametre_2018!J$4,"CL",""),"CL"),""),IF(Parametre_2018!J$4<>"",IF(O11<=Parametre_2018!J$4,"CL",""),"CL")),""),"")),"") -> CL | AE11: IT Spy
A12: 24 | B12: A | C12: Danišik | D12: Norbert | E12: Bc. | F12: SI 2 | G12: 43263 | H12: 3u-IS-SI | I12: Lucká | J12: Loebl | K12: Spracovanie veľkých objemov dát získaných športovou aktivitou | L12: doc. Ing. Peter Lacko, PhD. | M12: Ing. Michal Barla, PhD. | N12: A | O12: A | P12: 1.44 | Q12: 1.37 | S12: A | U12: =IF(OR(V12<>"",Y12<>"",AB12<>""),"Navrh","") -> Navrh | V12: 2(3) | W12: A | Y12: =IF(Q12<>"",IF(Q12<=1.2,IF(O12="A","CR",IF(V12<>"",IF(Parametre_2018!N$4=1,IF(LEFT(V12,1)="1",IF(V12<>"",IF(Parametre_2018!O$4<>"",IF(N12<=Parametre_2018!O$4,IF(V12<>"",IF(Parametre_2018!P$4<>"",IF(O12<=Parametre_2018!P$4,"PLD",""),"PLD"),""),""),IF(V12<>"",IF(Parametre_2018!P$4<>"",IF(O12<=Parametre_2018!P$4,"PLD",""),"PLD"),"")),""),""),IF(V12<>"",IF(Parametre_2018!O$4<>"",IF(N12<=Parametre_2018!O$4,IF(V12<>"",IF(Parametre_2018!P$4<>"",IF(O12<=Parametre_2018!P$4,"PLD",""),"PLD"),""),""),IF(V12<>"",IF(Parametre_2018!P$4<>"",IF(O12<=Parametre_2018!P$4,"PLD",""),"PLD"),"")),"")),"")),IF(V12<>"",IF(Parametre_2018!N$4=1,IF(LEFT(V12,1)="1",IF(V12<>"",IF(Parametre_2018!O$4<>"",IF(N12<=Parametre_2018!O$4,IF(V12<>"",IF(Parametre_2018!P$4<>"",IF(O12<=Parametre_2018!P$4,"PLD",""),"PLD"),""),""),IF(V12<>"",IF(Parametre_2018!P$4<>"",IF(O12<=Parametre_2018!P$4,"PLD",""),"PLD"),"")),""),""),IF(V12<>"",IF(Parametre_2018!O$4<>"",IF(N12<=Parametre_2018!O$4,IF(V12<>"",IF(Parametre_2018!P$4<>"",IF(O12<=Parametre_2018!P$4,"PLD",""),"PLD"),""),""),IF(V12<>"",IF(Parametre_2018!P$4<>"",IF(O12<=Parametre_2018!P$4,"PLD",""),"PLD"),"")),"")),"")),"") -> PLD | Z12: PLD | AA12: PLD | AB12: =IF(Q12<>"",IF(Q12<=Parametre_2018!B$4,IF(Parametre_2018!C$4<>"",IF(N12<=Parametre_2018!C$4,IF(Parametre_2018!D$4<>"",IF(O12<=Parametre_2018!D$4,"MCL",IF(Parametre_2018!I$4<>"",IF(N12<=Parametre_2018!I$4,IF(Parametre_2018!J$4<>"",IF(O12<=Parametre_2018!J$4,"CL",""),"CL"),""),IF(Parametre_2018!J$4<>"",IF(O12<=Parametre_2018!J$4,"CL",""),"CL"))),"MCL"),IF(Parametre_2018!I$4<>"",IF(N12<=Parametre_2018!I$4,IF(Parametre_2018!J$4<>"",IF(O12<=Parametre_2018!J$4,"CL",""),"CL"),""),IF(Parametre_2018!J$4<>"",IF(O12<=Parametre_2018!J$4,"CL",""),"CL"))),IF(Parametre_2018!D$4<>"",IF(O12<=Parametre_2018!D$4,"MCL",IF(Parametre_2018!I$4<>"",IF(N12<=Parametre_2018!I$4,IF(Parametre_2018!J$4<>"",IF(O12<=Parametre_2018!J$4,"CL",""),"CL"),""),IF(Parametre_2018!J$4<>"",IF(O12<=Parametre_2018!J$4,"CL",""),"CL"))),"MCL")),IF(Q12<>"",IF(AND(Q12>Parametre_2018!B$4,Q12<=Parametre_2018!H$4),IF(Parametre_2018!I$4<>"",IF(N12<=Parametre_2018!I$4,IF(Parametre_2018!J$4<>"",IF(O12<=Parametre_2018!J$4,"CL",""),"CL"),""),IF(Parametre_2018!J$4<>"",IF(O12<=Parametre_2018!J$4,"CL",""),"CL")),""),"")),"") -> CL
A13: 77 | B13: A | C13: Ondik | D13: Jakub | E13: Bc. | F13: SI 2 | G13: 43263 | H13: 2u-SI | I13: Návrat | J13: Vincúr | K13: Interaktívna vizualizácia zmien v softvérových modeloch | L13: Ing. Karol Rástočný, PhD. | M13: doc. Ing. Ivan Polášek, PhD. | N13: A | O13: A | P13: 1.42 | Q13: 1.38 | U13: =IF(OR(V13<>"",Y13<>"",AB13<>""),"Navrh","") -> Navrh | V13: 1 | W13: A | X13: A | Y13: =IF(Q13<>"",IF(Q13<=1.2,IF(O13="A","CR",IF(V13<>"",IF(Parametre_2018!N$4=1,IF(LEFT(V13,1)="1",IF(V13<>"",IF(Parametre_2018!O$4<>"",IF(N13<=Parametre_2018!O$4,IF(V13<>"",IF(Parametre_2018!P$4<>"",IF(O13<=Parametre_2018!P$4,"PLD",""),"PLD"),""),""),IF(V13<>"",IF(Parametre_2018!P$4<>"",IF(O13<=Parametre_2018!P$4,"PLD",""),"PLD"),"")),""),""),IF(V13<>"",IF(Parametre_2018!O$4<>"",IF(N13<=Parametre_2018!O$4,IF(V13<>"",IF(Parametre_2018!P$4<>"",IF(O13<=Parametre_2018!P$4,"PLD",""),"PLD"),""),""),IF(V13<>"",IF(Parametre_2018!P$4<>"",IF(O13<=Parametre_2018!P$4,"PLD",""),"PLD"),"")),"")),"")),IF(V13<>"",IF(Parametre_2018!N$4=1,IF(LEFT(V13,1)="1",IF(V13<>"",IF(Parametre_2018!O$4<>"",IF(N13<=Parametre_2018!O$4,IF(V13<>"",IF(Parametre_2018!P$4<>"",IF(O13<=Parametre_2018!P$4,"PLD",""),"PLD"),""),""),IF(V13<>"",IF(Parametre_2018!P$4<>"",IF(O13<=Parametre_2018!P$4,"PLD",""),"PLD"),"")),""),""),IF(V13<>"",IF(Parametre_2018!O$4<>"",IF(N13<=Parametre_2018!O$4,IF(V13<>"",IF(Parametre_2018!P$4<>"",IF(O13<=Parametre_2018!P$4,"PLD",""),"PLD"),""),""),IF(V13<>"",IF(Parametre_2018!P$4<>"",IF(O13<=Parametre_2018!P$4,"PLD",""),"PLD"),"")),"")),"")),"") -> PLD | Z13: PLD | AA13: P:LD | AB13: =IF(Q13<>"",IF(Q13<=Parametre_2018!B$4,IF(Parametre_2018!C$4<>"",IF(N13<=Parametre_2018!C$4,IF(Parametre_2018!D$4<>"",IF(O13<=Parametre_2018!D$4,"MCL",IF(Parametre_2018!I$4<>"",IF(N13<=Parametre_2018!I$4,IF(Parametre_2018!J$4<>"",IF(O13<=Parametre_2018!J$4,"CL",""),"CL"),""),IF(Parametre_2018!J$4<>"",IF(O13<=Parametre_2018!J$4,"CL",""),"CL"))),"MCL"),IF(Parametre_2018!I$4<>"",IF(N13<=Parametre_2018!I$4,IF(Parametre_2018!J$4<>"",IF(O13<=Parametre_2018!J$4,"CL",""),"CL"),""),IF(Parametre_2018!J$4<>"",IF(O13<=Parametre_2018!J$4,"CL",""),"CL"))),IF(Parametre_2018!D$4<>"",IF(O13<=Parametre_2018!D$4,"MCL",IF(Parametre_2018!I$4<>"",IF(N13<=Parametre_2018!I$4,IF(Parametre_2018!J$4<>"",IF(O13<=Parametre_2018!J$4,"CL",""),"CL"),""),IF(Parametre_2018!J$4<>"",IF(O13<=Parametre_2018!J$4,"CL",""),"CL"))),"MCL")),IF(Q13<>"",IF(AND(Q13>Parametre_2018!B$4,Q13<=Parametre_2018!H$4),IF(Parametre_2018!I$4<>"",IF(N13<=Parametre_2018!I$4,IF(Parametre_2018!J$4<>"",IF(O13<=Parametre_2018!J$4,"CL",""),"CL"),""),IF(Parametre_2018!J$4<>"",IF(O13<=Parametre_2018!J$4,"CL",""),"CL")),""),"")),"") -> CL | AE13: IT Spy
A14: 113 | B14: A | C14: Víťaz | D14: Matej | E14: Bc. | F14: IS 2 | G14: 43263 | H14: 1u-IS | I14: Bieliková | J14: Konôpka | K14: Automatická identifikácia problémov použiteľnosti na Webe z údajov pohľadu používateľa | L14: Ing. Eduard Kuric, PhD. | M14: Ing. Róbert Móro, PhD. | N14: B | O14: B | P14: 1.28 | Q14: 1.38 | U14: =IF(OR(V14<>"",Y14<>"",AB14<>""),"Navrh","") -> Navrh | W14: A | Y14: =IF(Q14<>"",IF(Q14<=1.2,IF(O14="A","CR",IF(V14<>"",IF(Parametre_2018!N$4=1,IF(LEFT(V14,1)="1",IF(V14<>"",IF(Parametre_2018!O$4<>"",IF(N14<=Parametre_2018!O$4,IF(V14<>"",IF(Parametre_2018!P$4<>"",IF(O14<=Parametre_2018!P$4,"PLD",""),"PLD"),""),""),IF(V14<>"",IF(Parametre_2018!P$4<>"",IF(O14<=Parametre_2018!P$4,"PLD",""),"PLD"),"")),""),""),IF(V14<>"",IF(Parametre_2018!O$4<>"",IF(N14<=Parametre_2018!O$4,IF(V14<>"",IF(Parametre_2018!P$4<>"",IF(O14<=Parametre_2018!P$4,"PLD",""),"PLD"),""),""),IF(V14<>"",IF(Parametre_2018!P$4<>"",IF(O14<=Parametre_2018!P$4,"PLD",""),"PLD"),"")),"")),"")),IF(V14<>"",IF(Parametre_2018!N$4=1,IF(LEFT(V14,1)="1",IF(V14<>"",IF(Parametre_2018!O$4<>"",IF(N14<=Parametre_2018!O$4,IF(V14<>"",IF(Parametre_2018!P$4<>"",IF(O14<=Parametre_2018!P$4,"PLD",""),"PLD"),""),""),IF(V14<>"",IF(Parametre_2018!P$4<>"",IF(O14<=Parametre_2018!P$4,"PLD",""),"PLD"),"")),""),""),IF(V14<>"",IF(Parametre_2018!O$4<>"",IF(N14<=Parametre_2018!O$4,IF(V14<>"",IF(Parametre_2018!P$4<>"",IF(O14<=Parametre_2018!P$4,"PLD",""),"PLD"),""),""),IF(V14<>"",IF(Parametre_2018!P$4<>"",IF(O14<=Parametre_2018!P$4,"PLD",""),"PLD"),"")),"")),"")),"") | AB14: =IF(Q14<>"",IF(Q14<=Parametre_2018!B$4,IF(Parametre_2018!C$4<>"",IF(N14<=Parametre_2018!C$4,IF(Parametre_2018!D$4<>"",IF(O14<=Parametre_2018!D$4,"MCL",IF(Parametre_2018!I$4<>"",IF(N14<=Parametre_2018!I$4,IF(Parametre_2018!J$4<>"",IF(O14<=Parametre_2018!J$4,"CL",""),"CL"),""),IF(Parametre_2018!J$4<>"",IF(O14<=Parametre_2018!J$4,"CL",""),"CL"))),"MCL"),IF(Parametre_2018!I$4<>"",IF(N14<=Parametre_2018!I$4,IF(Parametre_2018!J$4<>"",IF(O14<=Parametre_2018!J$4,"CL",""),"CL"),""),IF(Parametre_2018!J$4<>"",IF(O14<=Parametre_2018!J$4,"CL",""),"CL"))),IF(Parametre_2018!D$4<>"",IF(O14<=Parametre_2018!D$4,"MCL",IF(Parametre_2018!I$4<>"",IF(N14<=Parametre_2018!I$4,IF(Parametre_2018!J$4<>"",IF(O14<=Parametre_2018!J$4,"CL",""),"CL"),""),IF(Parametre_2018!J$4<>"",IF(O14<=Parametre_2018!J$4,"CL",""),"CL"))),"MCL")),IF(Q14<>"",IF(AND(Q14>Parametre_2018!B$4,Q14<=Parametre_2018!H$4),IF(Parametre_2018!I$4<>"",IF(N14<=Parametre_2018!I$4,IF(Parametre_2018!J$4<>"",IF(O14<=Parametre_2018!J$4,"CL",""),"CL"),""),IF(Parametre_2018!J$4<>"",IF(O14<=Parametre_2018!J$4,"CL",""),"CL")),""),"")),"") -> CL
A15: 54 | B15: A | C15: Kostova | D15: Sandra | E15: Bc. | F15: IS 2 | G15: 43262 | H15: 1p-IS | I15: Bieliková | J15: Pecár | K15: Automatické určovanie miery zvedavosti používateľa na základe jeho správania na webe | L15: Ing. Jakub Šimko, PhD. | M15: Ing. Ivan Srba, PhD. | N15: B | O15: A | P15: 1.4 | Q15: 1.39 | S15: A | U15: =IF(OR(V15<>"",Y15<>"",AB15<>""),"Navrh","") -> Navrh | X15: A | Y15: =IF(Q15<>"",IF(Q15<=1.2,IF(O15="A","CR",IF(V15<>"",IF(Parametre_2018!N$4=1,IF(LEFT(V15,1)="1",IF(V15<>"",IF(Parametre_2018!O$4<>"",IF(N15<=Parametre_2018!O$4,IF(V15<>"",IF(Parametre_2018!P$4<>"",IF(O15<=Parametre_2018!P$4,"PLD",""),"PLD"),""),""),IF(V15<>"",IF(Parametre_2018!P$4<>"",IF(O15<=Parametre_2018!P$4,"PLD",""),"PLD"),"")),""),""),IF(V15<>"",IF(Parametre_2018!O$4<>"",IF(N15<=Parametre_2018!O$4,IF(V15<>"",IF(Parametre_2018!P$4<>"",IF(O15<=Parametre_2018!P$4,"PLD",""),"PLD"),""),""),IF(V15<>"",IF(Parametre_2018!P$4<>"",IF(O15<=Parametre_2018!P$4,"PLD",""),"PLD"),"")),"")),"")),IF(V15<>"",IF(Parametre_2018!N$4=1,IF(LEFT(V15,1)="1",IF(V15<>"",IF(Parametre_2018!O$4<>"",IF(N15<=Parametre_2018!O$4,IF(V15<>"",IF(Parametre_2018!P$4<>"",IF(O15<=Parametre_2018!P$4,"PLD",""),"PLD"),""),""),IF(V15<>"",IF(Parametre_2018!P$4<>"",IF(O15<=Parametre_2018!P$4,"PLD",""),"PLD"),"")),""),""),IF(V15<>"",IF(Parametre_2018!O$4<>"",IF(N15<=Parametre_2018!O$4,IF(V15<>"",IF(Parametre_2018!P$4<>"",IF(O15<=Parametre_2018!P$4,"PLD",""),"PLD"),""),""),IF(V15<>"",IF(Parametre_2018!P$4<>"",IF(O15<=Parametre_2018!P$4,"PLD",""),"PLD"),"")),"")),"")),"") | AB15: =IF(Q15<>"",IF(Q15<=Parametre_2018!B$4,IF(Parametre_2018!C$4<>"",IF(N15<=Parametre_2018!C$4,IF(Parametre_2018!D$4<>"",IF(O15<=Parametre_2018!D$4,"MCL",IF(Parametre_2018!I$4<>"",IF(N15<=Parametre_2018!I$4,IF(Parametre_2018!J$4<>"",IF(O15<=Parametre_2018!J$4,"CL",""),"CL"),""),IF(Parametre_2018!J$4<>"",IF(O15<=Parametre_2018!J$4,"CL",""),"CL"))),"MCL"),IF(Parametre_2018!I$4<>"",IF(N15<=Parametre_2018!I$4,IF(Parametre_2018!J$4<>"",IF(O15<=Parametre_2018!J$4,"CL",""),"CL"),""),IF(Parametre_2018!J$4<>"",IF(O15<=Parametre_2018!J$4,"CL",""),"CL"))),IF(Parametre_2018!D$4<>"",IF(O15<=Parametre_2018!D$4,"MCL",IF(Parametre_2018!I$4<>"",IF(N15<=Parametre_2018!I$4,IF(Parametre_2018!J$4<>"",IF(O15<=Parametre_2018!J$4,"CL",""),"CL"),""),IF(Parametre_2018!J$4<>"",IF(O15<=Parametre_2018!J$4,"CL",""),"CL"))),"MCL")),IF(Q15<>"",IF(AND(Q15>Parametre_2018!B$4,Q15<=Parametre_2018!H$4),IF(Parametre_2018!I$4<>"",IF(N15<=Parametre_2018!I$4,IF(Parametre_2018!J$4<>"",IF(O15<=Parametre_2018!J$4,"CL",""),"CL"),""),IF(Parametre_2018!J$4<>"",IF(O15<=Parametre_2018!J$4,"CL",""),"CL")),""),"")),"") -> CL
A16: 94 | B16: A | C16: Salát | D16: Matúš | E16: Bc. | F16: IS 2 | G16: 43262 | H16: 4p-IS-SI | I16: Rozinajová | J16: Gašpar | K16: Segmentovanie používateľov pre personalizáciu informačných bulletinov v CQA systémoch | L16: Ing. Ivan Srba, PhD. | M16: Ing. Peter Gašpar | N16: A | O16: A | P16: 1.43 | Q16: 1.39 | U16: =IF(OR(V16<>"",Y16<>"",AB16<>""),"Navrh","") -> Navrh | V16: 1 | Y16: =IF(Q16<>"",IF(Q16<=1.2,IF(O16="A","CR",IF(V16<>"",IF(Parametre_2018!N$4=1,IF(LEFT(V16,1)="1",IF(V16<>"",IF(Parametre_2018!O$4<>"",IF(N16<=Parametre_2018!O$4,IF(V16<>"",IF(Parametre_2018!P$4<>"",IF(O16<=Parametre_2018!P$4,"PLD",""),"PLD"),""),""),IF(V16<>"",IF(Parametre_2018!P$4<>"",IF(O16<=Parametre_2018!P$4,"PLD",""),"PLD"),"")),""),""),IF(V16<>"",IF(Parametre_2018!O$4<>"",IF(N16<=Parametre_2018!O$4,IF(V16<>"",IF(Parametre_2018!P$4<>"",IF(O16<=Parametre_2018!P$4,"PLD",""),"PLD"),""),""),IF(V16<>"",IF(Parametre_2018!P$4<>"",IF(O16<=Parametre_2018!P$4,"PLD",""),"PLD"),"")),"")),"")),IF(V16<>"",IF(Parametre_2018!N$4=1,IF(LEFT(V16,1)="1",IF(V16<>"",IF(Parametre_2018!O$4<>"",IF(N16<=Parametre_2018!O$4,IF(V16<>"",IF(Parametre_2018!P$4<>"",IF(O16<=Parametre_2018!P$4,"PLD",""),"PLD"),""),""),IF(V16<>"",IF(Parametre_2018!P$4<>"",IF(O16<=Parametre_2018!P$4,"PLD",""),"PLD"),"")),""),""),IF(V16<>"",IF(Parametre_2018!O$4<>"",IF(N16<=Parametre_2018!O$4,IF(V16<>"",IF(Parametre_2018!P$4<>"",IF(O16<=Parametre_2018!P$4,"PLD",""),"PLD"),""),""),IF(V16<>"",IF(Parametre_2018!P$4<>"",IF(O16<=Parametre_2018!P$4,"PLD",""),"PLD"),"")),"")),"")),"") -> PLD | Z16: PLD | AA16: PLD | AB16: =IF(Q16<>"",IF(Q16<=Parametre_2018!B$4,IF(Parametre_2018!C$4<>"",IF(N16<=Parametre_2018!C$4,IF(Parametre_2018!D$4<>"",IF(O16<=Parametre_2018!D$4,"MCL",IF(Parametre_2018!I$4<>"",IF(N16<=Parametre_2018!I$4,IF(Parametre_2018!J$4<>"",IF(O16<=Parametre_2018!J$4,"CL",""),"CL"),""),IF(Parametre_2018!J$4<>"",IF(O16<=Parametre_2018!J$4,"CL",""),"CL"))),"MCL"),IF(Parametre_2018!I$4<>"",IF(N16<=Parametre_2018!I$4,IF(Parametre_2018!J$4<>"",IF(O16<=Parametre_2018!J$4,"CL",""),"CL"),""),IF(Parametre_2018!J$4<>"",IF(O16<=Parametre_2018!J$4,"CL",""),"CL"))),IF(Parametre_2018!D$4<>"",IF(O16<=Parametre_2018!D$4,"MCL",IF(Parametre_2018!I$4<>"",IF(N16<=Parametre_2018!I$4,IF(Parametre_2018!J$4<>"",IF(O16<=Parametre_2018!J$4,"CL",""),"CL"),""),IF(Parametre_2018!J$4<>"",IF(O16<=Parametre_2018!J$4,"CL",""),"CL"))),"MCL")),IF(Q16<>"",IF(AND(Q16>Parametre_2018!B$4,Q16<=Parametre_2018!H$4),IF(Parametre_2018!I$4<>"",IF(N16<=Parametre_2018!I$4,IF(Parametre_2018!J$4<>"",IF(O16<=Parametre_2018!J$4,"CL",""),"CL"),""),IF(Parametre_2018!J$4<>"",IF(O16<=Parametre_2018!J$4,"CL",""),"CL")),""),"")),"") -> CL
A17: 71 | B17: A | C17: Mokrý | D17: Martin | E17: Bc. | F17: IS 2 | G17: 43262 | H17: 4p-IS-SI | I17: Rozinajová | J17: Gašpar | K17: Identifikácia zručnosti používateľa na webe na základe vzorov zo sledovania pohľadu | L17: Ing. Róbert Móro, PhD. | M17: Ing. Jakub Šimko, PhD. | N17: A | O17: A | P17: 1.45 | Q17: 1.41 | U17: =IF(OR(V17<>"",Y17<>"",AB17<>""),"Navrh","") -> Navrh | V17: 2 | W17: A | X17: A | Y17: =IF(Q17<>"",IF(Q17<=1.2,IF(O17="A","CR",IF(V17<>"",IF(Parametre_2018!N$4=1,IF(LEFT(V17,1)="1",IF(V17<>"",IF(Parametre_2018!O$4<>"",IF(N17<=Parametre_2018!O$4,IF(V17<>"",IF(Parametre_2018!P$4<>"",IF(O17<=Parametre_2018!P$4,"PLD",""),"PLD"),""),""),IF(V17<>"",IF(Parametre_2018!P$4<>"",IF(O17<=Parametre_2018!P$4,"PLD",""),"PLD"),"")),""),""),IF(V17<>"",IF(Parametre_2018!O$4<>"",IF(N17<=Parametre_2018!O$4,IF(V17<>"",IF(Parametre_2018!P$4<>"",IF(O17<=Parametre_2018!P$4,"PLD",""),"PLD"),""),""),IF(V17<>"",IF(Parametre_2018!P$4<>"",IF(O17<=Parametre_2018!P$4,"PLD",""),"PLD"),"")),"")),"")),IF(V17<>"",IF(Parametre_2018!N$4=1,IF(LEFT(V17,1)="1",IF(V17<>"",IF(Parametre_2018!O$4<>"",IF(N17<=Parametre_2018!O$4,IF(V17<>"",IF(Parametre_2018!P$4<>"",IF(O17<=Parametre_2018!P$4,"PLD",""),"PLD"),""),""),IF(V17<>"",IF(Parametre_2018!P$4<>"",IF(O17<=Parametre_2018!P$4,"PLD",""),"PLD"),"")),""),""),IF(V17<>"",IF(Parametre_2018!O$4<>"",IF(N17<=Parametre_2018!O$4,IF(V17<>"",IF(Parametre_2018!P$4<>"",IF(O17<=Parametre_2018!P$4,"PLD",""),"PLD"),""),""),IF(V17<>"",IF(Parametre_2018!P$4<>"",IF(O17<=Parametre_2018!P$4,"PLD",""),"PLD"),"")),"")),"")),"") -> PLD | Z17: PLD | AA17: PLD | AB17: =IF(Q17<>"",IF(Q17<=Parametre_2018!B$4,IF(Parametre_2018!C$4<>"",IF(N17<=Parametre_2018!C$4,IF(Parametre_2018!D$4<>"",IF(O17<=Parametre_2018!D$4,"MCL",IF(Parametre_2018!I$4<>"",IF(N17<=Parametre_2018!I$4,IF(Parametre_2018!J$4<>"",IF(O17<=Parametre_2018!J$4,"CL",""),"CL"),""),IF(Parametre_2018!J$4<>"",IF(O17<=Parametre_2018!J$4,"CL",""),"CL"))),"MCL"),IF(Parametre_2018!I$4<>"",IF(N17<=Parametre_2018!I$4,IF(Parametre_2018!J$4<>"",IF(O17<=Parametre_2018!J$4,"CL",""),"CL"),""),IF(Parametre_2018!J$4<>"",IF(O17<=Parametre_2018!J$4,"CL",""),"CL"))),IF(Parametre_2018!D$4<>"",IF(O17<=Parametre_2018!D$4,"MCL",IF(Parametre_2018!I$4<>"",IF(N17<=Parametre_2018!I$4,IF(Parametre_2018!J$4<>"",IF(O17<=Parametre_2018!J$4,"CL",""),"CL"),""),IF(Parametre_2018!J$4<>"",IF(O17<=Parametre_2018!J$4,"CL",""),"CL"))),"MCL")),IF(Q17<>"",IF(AND(Q17>Parametre_2018!B$4,Q17<=Parametre_2018!H$4),IF(Parametre_2018!I$4<>"",IF(N17<=Parametre_2018!I$4,IF(Parametre_2018!J$4<>"",IF(O17<=Parametre_2018!J$4,"CL",""),"CL"),""),IF(Parametre_2018!J$4<>"",IF(O17<=Parametre_2018!J$4,"CL",""),"CL")),""),"")),"") | AE17: IT Spy
A18: 59 | B18: A | C18: Krchňavý | D18: Rastislav | E18: Bc. | F18: IS 2 | G18: 43263 | H18: 5u-IS | I18: Šimko | J18: Pikuliak | K18: Aspektovo orientovaná analýza sentimentu | L18: doc. Ing. Marián Šimko, PhD. | M18: Ing. Miroslav Blšták | N18: B | O18: A | P18: 1.47 | Q18: 1.42 | U18: =IF(OR(V18<>"",Y18<>"",AB18<>""),"Navrh","") | W18: A | X18: A | Y18: =IF(Q18<>"",IF(Q18<=1.2,IF(O18="A","CR",IF(V18<>"",IF(Parametre_2018!N$4=1,IF(LEFT(V18,1)="1",IF(V18<>"",IF(Parametre_2018!O$4<>"",IF(N18<=Parametre_2018!O$4,IF(V18<>"",IF(Parametre_2018!P$4<>"",IF(O18<=Parametre_2018!P$4,"PLD",""),"PLD"),""),""),IF(V18<>"",IF(Parametre_2018!P$4<>"",IF(O18<=Parametre_2018!P$4,"PLD",""),"PLD"),"")),""),""),IF(V18<>"",IF(Parametre_2018!O$4<>"",IF(N18<=Parametre_2018!O$4,IF(V18<>"",IF(Parametre_2018!P$4<>"",IF(O18<=Parametre_2018!P$4,"PLD",""),"PLD"),""),""),IF(V18<>"",IF(Parametre_2018!P$4<>"",IF(O18<=Parametre_2018!P$4,"PLD",""),"PLD"),"")),"")),"")),IF(V18<>"",IF(Parametre_2018!N$4=1,IF(LEFT(V18,1)="1",IF(V18<>"",IF(Parametre_2018!O$4<>"",IF(N18<=Parametre_2018!O$4,IF(V18<>"",IF(Parametre_2018!P$4<>"",IF(O18<=Parametre_2018!P$4,"PLD",""),"PLD"),""),""),IF(V18<>"",IF(Parametre_2018!P$4<>"",IF(O18<=Parametre_2018!P$4,"PLD",""),"PLD"),"")),""),""),IF(V18<>"",IF(Parametre_2018!O$4<>"",IF(N18<=Parametre_2018!O$4,IF(V18<>"",IF(Parametre_2018!P$4<>"",IF(O18<=Parametre_2018!P$4,"PLD",""),"PLD"),""),""),IF(V18<>"",IF(Parametre_2018!P$4<>"",IF(O18<=Parametre_2018!P$4,"PLD",""),"PLD"),"")),"")),"")),"") | AB18: =IF(Q18<>"",IF(Q18<=Parametre_2018!B$4,IF(Parametre_2018!C$4<>"",IF(N18<=Parametre_2018!C$4,IF(Parametre_2018!D$4<>"",IF(O18<=Parametre_2018!D$4,"MCL",IF(Parametre_2018!I$4<>"",IF(N18<=Parametre_2018!I$4,IF(Parametre_2018!J$4<>"",IF(O18<=Parametre_2018!J$4,"CL",""),"CL"),""),IF(Parametre_2018!J$4<>"",IF(O18<=Parametre_2018!J$4,"CL",""),"CL"))),"MCL"),IF(Parametre_2018!I$4<>"",IF(N18<=Parametre_2018!I$4,IF(Parametre_2018!J$4<>"",IF(O18<=Parametre_2018!J$4,"CL",""),"CL"),""),IF(Parametre_2018!J$4<>"",IF(O18<=Parametre_2018!J$4,"CL",""),"CL"))),IF(Parametre_2018!D$4<>"",IF(O18<=Parametre_2018!D$4,"MCL",IF(Parametre_2018!I$4<>"",IF(N18<=Parametre_2018!I$4,IF(Parametre_2018!J$4<>"",IF(O18<=Parametre_2018!J$4,"CL",""),"CL"),""),IF(Parametre_2018!J$4<>"",IF(O18<=Parametre_2018!J$4,"CL",""),"CL"))),"MCL")),IF(Q18<>"",IF(AND(Q18>Parametre_2018!B$4,Q18<=Parametre_2018!H$4),IF(Parametre_2018!I$4<>"",IF(N18<=Parametre_2018!I$4,IF(Parametre_2018!J$4<>"",IF(O18<=Parametre_2018!J$4,"CL",""),"CL"),""),IF(Parametre_2018!J$4<>"",IF(O18<=Parametre_2018!J$4,"CL",""),"CL")),""),"")),"")
A19: 74 | B19: A | C19: Nemček | D19: Martin | E19: Bc. | F19: IS 2 | G19: 43263 | H19: 3u-IS-SI | I19: Lucká | J19: Loebl | K19: Redukcia cytometrických dát na základe hustoty a predikcia stavu pacienta z klinických dát | L19: doc. RNDr. Mária Lucká, PhD. | M19: RNDr. Anna Bou Ezzeddine, PhD. | N19: A | O19: A | P19: 1.54 | Q19: 1.44 | U19: =IF(OR(V19<>"",Y19<>"",AB19<>""),"Navrh","") -> Navrh | V19: 1A | W19: A | X19: A | Y19: =IF(Q19<>"",IF(Q19<=1.2,IF(O19="A","CR",IF(V19<>"",IF(Parametre_2018!N$4=1,IF(LEFT(V19,1)="1",IF(V19<>"",IF(Parametre_2018!O$4<>"",IF(N19<=Parametre_2018!O$4,IF(V19<>"",IF(Parametre_2018!P$4<>"",IF(O19<=Parametre_2018!P$4,"PLD",""),"PLD"),""),""),IF(V19<>"",IF(Parametre_2018!P$4<>"",IF(O19<=Parametre_2018!P$4,"PLD",""),"PLD"),"")),""),""),IF(V19<>"",IF(Parametre_2018!O$4<>"",IF(N19<=Parametre_2018!O$4,IF(V19<>"",IF(Parametre_2018!P$4<>"",IF(O19<=Parametre_2018!P$4,"PLD",""),"PLD"),""),""),IF(V19<>"",IF(Parametre_2018!P$4<>"",IF(O19<=Parametre_2018!P$4,"PLD",""),"PLD"),"")),"")),"")),IF(V19<>"",IF(Parametre_2018!N$4=1,IF(LEFT(V19,1)="1",IF(V19<>"",IF(Parametre_2018!O$4<>"",IF(N19<=Parametre_2018!O$4,IF(V19<>"",IF(Parametre_2018!P$4<>"",IF(O19<=Parametre_2018!P$4,"PLD",""),"PLD"),""),""),IF(V19<>"",IF(Parametre_2018!P$4<>"",IF(O19<=Parametre_2018!P$4,"PLD",""),"PLD"),"")),""),""),IF(V19<>"",IF(Parametre_2018!O$4<>"",IF(N19<=Parametre_2018!O$4,IF(V19<>"",IF(Parametre_2018!P$4<>"",IF(O19<=Parametre_2018!P$4,"PLD",""),"PLD"),""),""),IF(V19<>"",IF(Parametre_2018!P$4<>"",IF(O19<=Parametre_2018!P$4,"PLD",""),"PLD"),"")),"")),"")),"") -> PLD | Z19: PLD | AA19: PLD | AB19: =IF(Q19<>"",IF(Q19<=Parametre_2018!B$4,IF(Parametre_2018!C$4<>"",IF(N19<=Parametre_2018!C$4,IF(Parametre_2018!D$4<>"",IF(O19<=Parametre_2018!D$4,"MCL",IF(Parametre_2018!I$4<>"",IF(N19<=Parametre_2018!I$4,IF(Parametre_2018!J$4<>"",IF(O19<=Parametre_2018!J$4,"CL",""),"CL"),""),IF(Parametre_2018!J$4<>"",IF(O19<=Parametre_2018!J$4,"CL",""),"CL"))),"MCL"),IF(Parametre_2018!I$4<>"",IF(N19<=Parametre_2018!I$4,IF(Parametre_2018!J$4<>"",IF(O19<=Parametre_2018!J$4,"CL",""),"CL"),""),IF(Parametre_2018!J$4<>"",IF(O19<=Parametre_2018!J$4,"CL",""),"CL"))),IF(Parametre_2018!D$4<>"",IF(O19<=Parametre_2018!D$4,"MCL",IF(Parametre_2018!I$4<>"",IF(N19<=Parametre_2018!I$4,IF(Parametre_2018!J$4<>"",IF(O19<=Parametre_2018!J$4,"CL",""),"CL"),""),IF(Parametre_2018!J$4<>"",IF(O19<=Parametre_2018!J$4,"CL",""),"CL"))),"MCL")),IF(Q19<>"",IF(AND(Q19>Parametre_2018!B$4,Q19<=Parametre_2018!H$4),IF(Parametre_2018!I$4<>"",IF(N19<=Parametre_2018!I$4,IF(Parametre_2018!J$4<>"",IF(O19<=Parametre_2018!J$4,"CL",""),"CL"),""),IF(Parametre_2018!J$4<>"",IF(O19<=Parametre_2018!J$4,"CL",""),"CL")),""),"")),"") | AE19: IT Spy
A20: 49 | B20: A | C20: Juhaniak | D20: Tomáš | E20: Bc. | F20: IS 2 | G20: 43262 | H20: 1p-IS | I20: Bieliková | J20: Pecár | K20: Vyhodnocovanie kognitívnej záťaže ako súčasť používateľských štúdií | L20: prof. Ing. Mária Bieliková, PhD. | M20: Ing. Róbert Móro, PhD. | N20: A | O20: A | P20: 1.53 | Q20: 1.47 | U20: =IF(OR(V20<>"",Y20<>"",AB20<>""),"Navrh","") -> Navrh | V20: 2 | W20: A | X20: A | Y20: =IF(Q20<>"",IF(Q20<=1.2,IF(O20="A","CR",IF(V20<>"",IF(Parametre_2018!N$4=1,IF(LEFT(V20,1)="1",IF(V20<>"",IF(Parametre_2018!O$4<>"",IF(N20<=Parametre_2018!O$4,IF(V20<>"",IF(Parametre_2018!P$4<>"",IF(O20<=Parametre_2018!P$4,"PLD",""),"PLD"),""),""),IF(V20<>"",IF(Parametre_2018!P$4<>"",IF(O20<=Parametre_2018!P$4,"PLD",""),"PLD"),"")),""),""),IF(V20<>"",IF(Parametre_2018!O$4<>"",IF(N20<=Parametre_2018!O$4,IF(V20<>"",IF(Parametre_2018!P$4<>"",IF(O20<=Parametre_2018!P$4,"PLD",""),"PLD"),""),""),IF(V20<>"",IF(Parametre_2018!P$4<>"",IF(O20<=Parametre_2018!P$4,"PLD",""),"PLD"),"")),"")),"")),IF(V20<>"",IF(Parametre_2018!N$4=1,IF(LEFT(V20,1)="1",IF(V20<>"",IF(Parametre_2018!O$4<>"",IF(N20<=Parametre_2018!O$4,IF(V20<>"",IF(Parametre_2018!P$4<>"",IF(O20<=Parametre_2018!P$4,"PLD",""),"PLD"),""),""),IF(V20<>"",IF(Parametre_2018!P$4<>"",IF(O20<=Parametre_2018!P$4,"PLD",""),"PLD"),"")),""),""),IF(V20<>"",IF(Parametre_2018!O$4<>"",IF(N20<=Parametre_2018!O$4,IF(V20<>"",IF(Parametre_2018!P$4<>"",IF(O20<=Parametre_2018!P$4,"PLD",""),"PLD"),""),""),IF(V20<>"",IF(Parametre_2018!P$4<>"",IF(O20<=Parametre_2018!P$4,"PLD",""),"PLD"),"")),"")),"")),"") -> PLD | Z20: PLD | AA20: PLD | AB20: =IF(Q20<>"",IF(Q20<=Parametre_2018!B$4,IF(Parametre_2018!C$4<>"",IF(N20<=Parametre_2018!C$4,IF(Parametre_2018!D$4<>"",IF(O20<=Parametre_2018!D$4,"MCL",IF(Parametre_2018!I$4<>"",IF(N20<=Parametre_2018!I$4,IF(Parametre_2018!J$4<>"",IF(O20<=Parametre_2018!J$4,"CL",""),"CL"),""),IF(Parametre_2018!J$4<>"",IF(O20<=Parametre_2018!J$4,"CL",""),"CL"))),"MCL"),IF(Parametre_2018!I$4<>"",IF(N20<=Parametre_2018!I$4,IF(Parametre_2018!J$4<>"",IF(O20<=Parametre_2018!J$4,"CL",""),"CL"),""),IF(Parametre_2018!J$4<>"",IF(O20<=Parametre_2018!J$4,"CL",""),"CL"))),IF(Parametre_2018!D$4<>"",IF(O20<=Parametre_2018!D$4,"MCL",IF(Parametre_2018!I$4<>"",IF(N20<=Parametre_2018!I$4,IF(Parametre_2018!J$4<>"",IF(O20<=Parametre_2018!J$4,"CL",""),"CL"),""),IF(Parametre_2018!J$4<>"",IF(O20<=Parametre_2018!J$4,"CL",""),"CL"))),"MCL")),IF(Q20<>"",IF(AND(Q20>Parametre_2018!B$4,Q20<=Parametre_2018!H$4),IF(Parametre_2018!I$4<>"",IF(N20<=Parametre_2018!I$4,IF(Parametre_2018!J$4<>"",IF(O20<=Parametre_2018!J$4,"CL",""),"CL"),""),IF(Parametre_2018!J$4<>"",IF(O20<=Parametre_2018!J$4,"CL",""),"CL")),""),"")),"") | AE20: IT Spy
A21: 85 | B21: A | C21: Pomffyová | D21: Miriama | E21: Bc. | F21: IS 2 | G21: 43263 | H21: 4u-IS | I21: Rozinajová | J21: Vrablecová | K21: Inteligentná analýza dát v prostredí energetiky | L21: doc. Ing. Viera Rozinajová, PhD. | M21: Mgr. Peter Laurinec | N21: B | O21: A | P21: 1.63 | Q21: 1.5 | R21: D-IIS | U21: =IF(OR(V21<>"",Y21<>"",AB21<>""),"Navrh","") -> Navrh | V21: 1 | Y21: =IF(Q21<>"",IF(Q21<=1.2,IF(O21="A","CR",IF(V21<>"",IF(Parametre_2018!N$4=1,IF(LEFT(V21,1)="1",IF(V21<>"",IF(Parametre_2018!O$4<>"",IF(N21<=Parametre_2018!O$4,IF(V21<>"",IF(Parametre_2018!P$4<>"",IF(O21<=Parametre_2018!P$4,"PLD",""),"PLD"),""),""),IF(V21<>"",IF(Parametre_2018!P$4<>"",IF(O21<=Parametre_2018!P$4,"PLD",""),"PLD"),"")),""),""),IF(V21<>"",IF(Parametre_2018!O$4<>"",IF(N21<=Parametre_2018!O$4,IF(V21<>"",IF(Parametre_2018!P$4<>"",IF(O21<=Parametre_2018!P$4,"PLD",""),"PLD"),""),""),IF(V21<>"",IF(Parametre_2018!P$4<>"",IF(O21<=Parametre_2018!P$4,"PLD",""),"PLD"),"")),"")),"")),IF(V21<>"",IF(Parametre_2018!N$4=1,IF(LEFT(V21,1)="1",IF(V21<>"",IF(Parametre_2018!O$4<>"",IF(N21<=Parametre_2018!O$4,IF(V21<>"",IF(Parametre_2018!P$4<>"",IF(O21<=Parametre_2018!P$4,"PLD",""),"PLD"),""),""),IF(V21<>"",IF(Parametre_2018!P$4<>"",IF(O21<=Parametre_2018!P$4,"PLD",""),"PLD"),"")),""),""),IF(V21<>"",IF(Parametre_2018!O$4<>"",IF(N21<=Parametre_2018!O$4,IF(V21<>"",IF(Parametre_2018!P$4<>"",IF(O21<=Parametre_2018!P$4,"PLD",""),"PLD"),""),""),IF(V21<>"",IF(Parametre_2018!P$4<>"",IF(O21<=Parametre_2018!P$4,"PLD",""),"PLD"),"")),"")),"")),"") -> PLD | Z21: PLD | AA21: PLD | AB21: =IF(Q21<>"",IF(Q21<=Parametre_2018!B$4,IF(Parametre_2018!C$4<>"",IF(N21<=Parametre_2018!C$4,IF(Parametre_2018!D$4<>"",IF(O21<=Parametre_2018!D$4,"MCL",IF(Parametre_2018!I$4<>"",IF(N21<=Parametre_2018!I$4,IF(Parametre_2018!J$4<>"",IF(O21<=Parametre_2018!J$4,"CL",""),"CL"),""),IF(Parametre_2018!J$4<>"",IF(O21<=Parametre_2018!J$4,"CL",""),"CL"))),"MCL"),IF(Parametre_2018!I$4<>"",IF(N21<=Parametre_2018!I$4,IF(Parametre_2018!J$4<>"",IF(O21<=Parametre_2018!J$4,"CL",""),"CL"),""),IF(Parametre_2018!J$4<>"",IF(O21<=Parametre_2018!J$4,"CL",""),"CL"))),IF(Parametre_2018!D$4<>"",IF(O21<=Parametre_2018!D$4,"MCL",IF(Parametre_2018!I$4<>"",IF(N21<=Parametre_2018!I$4,IF(Parametre_2018!J$4<>"",IF(O21<=Parametre_2018!J$4,"CL",""),"CL"),""),IF(Parametre_2018!J$4<>"",IF(O21<=Parametre_2018!J$4,"CL",""),"CL"))),"MCL")),IF(Q21<>"",IF(AND(Q21>Parametre_2018!B$4,Q21<=Parametre_2018!H$4),IF(Parametre_2018!I$4<>"",IF(N21<=Parametre_2018!I$4,IF(Parametre_2018!J$4<>"",IF(O21<=Parametre_2018!J$4,"CL",""),"CL"),""),IF(Parametre_2018!J$4<>"",IF(O21<=Parametre_2018!J$4,"CL",""),"CL")),""),"")),"")
A22: 103 | B22: A | C22: Šrank | D22: Martin | E22: Bc. | F22: IS 2 | G22: 43262 | H22: 4p-IS-SI | I22: Rozinajová | J22: Gašpar | K22: Podpora diverzity a aktuálnosti informačných bulletinov v systéme pre odpovedanie na otázky | L22: Ing. Ivan Srba, PhD. | M22: Ing. Ondrej Kaššák, PhD. | N22: A | O22: A | P22: 1.62 | Q22: 1.55 | U22: =IF(OR(V22<>"",Y22<>"",AB22<>""),"Navrh","") | X22: A | Y22: =IF(Q22<>"",IF(Q22<=1.2,IF(O22="A","CR",IF(V22<>"",IF(Parametre_2018!N$4=1,IF(LEFT(V22,1)="1",IF(V22<>"",IF(Parametre_2018!O$4<>"",IF(N22<=Parametre_2018!O$4,IF(V22<>"",IF(Parametre_2018!P$4<>"",IF(O22<=Parametre_2018!P$4,"PLD",""),"PLD"),""),""),IF(V22<>"",IF(Parametre_2018!P$4<>"",IF(O22<=Parametre_2018!P$4,"PLD",""),"PLD"),"")),""),""),IF(V22<>"",IF(Parametre_2018!O$4<>"",IF(N22<=Parametre_2018!O$4,IF(V22<>"",IF(Parametre_2018!P$4<>"",IF(O22<=Parametre_2018!P$4,"PLD",""),"PLD"),""),""),IF(V22<>"",IF(Parametre_2018!P$4<>"",IF(O22<=Parametre_2018!P$4,"PLD",""),"PLD"),"")),"")),"")),IF(V22<>"",IF(Parametre_2018!N$4=1,IF(LEFT(V22,1)="1",IF(V22<>"",IF(Parametre_2018!O$4<>"",IF(N22<=Parametre_2018!O$4,IF(V22<>"",IF(Parametre_2018!P$4<>"",IF(O22<=Parametre_2018!P$4,"PLD",""),"PLD"),""),""),IF(V22<>"",IF(Parametre_2018!P$4<>"",IF(O22<=Parametre_2018!P$4,"PLD",""),"PLD"),"")),""),""),IF(V22<>"",IF(Parametre_2018!O$4<>"",IF(N22<=Parametre_2018!O$4,IF(V22<>"",IF(Parametre_2018!P$4<>"",IF(O22<=Parametre_2018!P$4,"PLD",""),"PLD"),""),""),IF(V22<>"",IF(Parametre_2018!P$4<>"",IF(O22<=Parametre_2018!P$4,"PLD",""),"PLD"),"")),"")),"")),"") | AB22: =IF(Q22<>"",IF(Q22<=Parametre_2018!B$4,IF(Parametre_2018!C$4<>"",IF(N22<=Parametre_2018!C$4,IF(Parametre_2018!D$4<>"",IF(O22<=Parametre_2018!D$4,"MCL",IF(Parametre_2018!I$4<>"",IF(N22<=Parametre_2018!I$4,IF(Parametre_2018!J$4<>"",IF(O22<=Parametre_2018!J$4,"CL",""),"CL"),""),IF(Parametre_2018!J$4<>"",IF(O22<=Parametre_2018!J$4,"CL",""),"CL"))),"MCL"),IF(Parametre_2018!I$4<>"",IF(N22<=Parametre_2018!I$4,IF(Parametre_2018!J$4<>"",IF(O22<=Parametre_2018!J$4,"CL",""),"CL"),""),IF(Parametre_2018!J$4<>"",IF(O22<=Parametre_2018!J$4,"CL",""),"CL"))),IF(Parametre_2018!D$4<>"",IF(O22<=Parametre_2018!D$4,"MCL",IF(Parametre_2018!I$4<>"",IF(N22<=Parametre_2018!I$4,IF(Parametre_2018!J$4<>"",IF(O22<=Parametre_2018!J$4,"CL",""),"CL"),""),IF(Parametre_2018!J$4<>"",IF(O22<=Parametre_2018!J$4,"CL",""),"CL"))),"MCL")),IF(Q22<>"",IF(AND(Q22>Parametre_2018!B$4,Q22<=Parametre_2018!H$4),IF(Parametre_2018!I$4<>"",IF(N22<=Parametre_2018!I$4,IF(Parametre_2018!J$4<>"",IF(O22<=Parametre_2018!J$4,"CL",""),"CL"),""),IF(Parametre_2018!J$4<>"",IF(O22<=Parametre_2018!J$4,"CL",""),"CL")),""),"")),"")
A23: 107 | B23: N | C23: Tóth | D23: Jaroslav | E23: Bc. | F23: SI 2 | G23: 43262 | H23: 8p-SI | I23: Kotuliak | J23: Košťál | K23: Predikcia parametrov sieťovej premávky v softvérovo definovaných sieťach | L23: Ing. Ján Lúčanský | M23: Ing. Rudolf Grežo | N23: A | O23: A | P23: 1.6 | Q23: 1.55 | S23: A | U23: =IF(OR(V23<>"",Y23<>"",AB23<>""),"Navrh","") | Y23: =IF(Q23<>"",IF(Q23<=1.2,IF(O23="A","CR",IF(V23<>"",IF(Parametre_2018!N$4=1,IF(LEFT(V23,1)="1",IF(V23<>"",IF(Parametre_2018!O$4<>"",IF(N23<=Parametre_2018!O$4,IF(V23<>"",IF(Parametre_2018!P$4<>"",IF(O23<=Parametre_2018!P$4,"PLD",""),"PLD"),""),""),IF(V23<>"",IF(Parametre_2018!P$4<>"",IF(O23<=Parametre_2018!P$4,"PLD",""),"PLD"),"")),""),""),IF(V23<>"",IF(Parametre_2018!O$4<>"",IF(N23<=Parametre_2018!O$4,IF(V23<>"",IF(Parametre_2018!P$4<>"",IF(O23<=Parametre_2018!P$4,"PLD",""),"PLD"),""),""),IF(V23<>"",IF(Parametre_2018!P$4<>"",IF(O23<=Parametre_2018!P$4,"PLD",""),"PLD"),"")),"")),"")),IF(V23<>"",IF(Parametre_2018!N$4=1,IF(LEFT(V23,1)="1",IF(V23<>"",IF(Parametre_2018!O$4<>"",IF(N23<=Parametre_2018!O$4,IF(V23<>"",IF(Parametre_2018!P$4<>"",IF(O23<=Parametre_2018!P$4,"PLD",""),"PLD"),""),""),IF(V23<>"",IF(Parametre_2018!P$4<>"",IF(O23<=Parametre_2018!P$4,"PLD",""),"PLD"),"")),""),""),IF(V23<>"",IF(Parametre_2018!O$4<>"",IF(N23<=Parametre_2018!O$4,IF(V23<>"",IF(Parametre_2018!P$4<>"",IF(O23<=Parametre_2018!P$4,"PLD",""),"PLD"),""),""),IF(V23<>"",IF(Parametre_2018!P$4<>"",IF(O23<=Parametre_2018!P$4,"PLD",""),"PLD"),"")),"")),"")),"") | AB23: =IF(Q23<>"",IF(Q23<=Parametre_2018!B$4,IF(Parametre_2018!C$4<>"",IF(N23<=Parametre_2018!C$4,IF(Parametre_2018!D$4<>"",IF(O23<=Parametre_2018!D$4,"MCL",IF(Parametre_2018!I$4<>"",IF(N23<=Parametre_2018!I$4,IF(Parametre_2018!J$4<>"",IF(O23<=Parametre_2018!J$4,"CL",""),"CL"),""),IF(Parametre_2018!J$4<>"",IF(O23<=Parametre_2018!J$4,"CL",""),"CL"))),"MCL"),IF(Parametre_2018!I$4<>"",IF(N23<=Parametre_2018!I$4,IF(Parametre_2018!J$4<>"",IF(O23<=Parametre_2018!J$4,"CL",""),"CL"),""),IF(Parametre_2018!J$4<>"",IF(O23<=Parametre_2018!J$4,"CL",""),"CL"))),IF(Parametre_2018!D$4<>"",IF(O23<=Parametre_2018!D$4,"MCL",IF(Parametre_2018!I$4<>"",IF(N23<=Parametre_2018!I$4,IF(Parametre_2018!J$4<>"",IF(O23<=Parametre_2018!J$4,"CL",""),"CL"),""),IF(Parametre_2018!J$4<>"",IF(O23<=Parametre_2018!J$4,"CL",""),"CL"))),"MCL")),IF(Q23<>"",IF(AND(Q23>Parametre_2018!B$4,Q23<=Parametre_2018!H$4),IF(Parametre_2018!I$4<>"",IF(N23<=Parametre_2018!I$4,IF(Parametre_2018!J$4<>"",IF(O23<=Parametre_2018!J$4,"CL",""),"CL"),""),IF(Parametre_2018!J$4<>"",IF(O23<=Parametre_2018!J$4,"CL",""),"CL")),""),"")),"")
A24: 57 | B24: A | C24: Kráľ | D24: Michal | E24: Bc. | F24: SI 2 | G24: 43262 | H24: 5p-SI | I24: Vranič | J24: Jarábek | K24: Identifikácia, kompozícia a konfigurácia existujúcich softvérových komponentov podľa špecifikácie požiadaviek vo forme textu | L24: Ing. Michal Bystrický | M24: doc. Ing. Valentino Vranić, PhD. | N24: A | O24: A | P24: 1.61 | Q24: 1.56 | U24: =IF(OR(V24<>"",Y24<>"",AB24<>""),"Navrh","") -> Navrh | V24: 1 | X24: A | Y24: =IF(Q24<>"",IF(Q24<=1.2,IF(O24="A","CR",IF(V24<>"",IF(Parametre_2018!N$4=1,IF(LEFT(V24,1)="1",IF(V24<>"",IF(Parametre_2018!O$4<>"",IF(N24<=Parametre_2018!O$4,IF(V24<>"",IF(Parametre_2018!P$4<>"",IF(O24<=Parametre_2018!P$4,"PLD",""),"PLD"),""),""),IF(V24<>"",IF(Parametre_2018!P$4<>"",IF(O24<=Parametre_2018!P$4,"PLD",""),"PLD"),"")),""),""),IF(V24<>"",IF(Parametre_2018!O$4<>"",IF(N24<=Parametre_2018!O$4,IF(V24<>"",IF(Parametre_2018!P$4<>"",IF(O24<=Parametre_2018!P$4,"PLD",""),"PLD"),""),""),IF(V24<>"",IF(Parametre_2018!P$4<>"",IF(O24<=Parametre_2018!P$4,"PLD",""),"PLD"),"")),"")),"")),IF(V24<>"",IF(Parametre_2018!N$4=1,IF(LEFT(V24,1)="1",IF(V24<>"",IF(Parametre_2018!O$4<>"",IF(N24<=Parametre_2018!O$4,IF(V24<>"",IF(Parametre_2018!P$4<>"",IF(O24<=Parametre_2018!P$4,"PLD",""),"PLD"),""),""),IF(V24<>"",IF(Parametre_2018!P$4<>"",IF(O24<=Parametre_2018!P$4,"PLD",""),"PLD"),"")),""),""),IF(V24<>"",IF(Parametre_2018!O$4<>"",IF(N24<=Parametre_2018!O$4,IF(V24<>"",IF(Parametre_2018!P$4<>"",IF(O24<=Parametre_2018!P$4,"PLD",""),"PLD"),""),""),IF(V24<>"",IF(Parametre_2018!P$4<>"",IF(O24<=Parametre_2018!P$4,"PLD",""),"PLD"),"")),"")),"")),"") -> PLD | Z24: PLD | AA24: PLD | AB24: =IF(Q24<>"",IF(Q24<=Parametre_2018!B$4,IF(Parametre_2018!C$4<>"",IF(N24<=Parametre_2018!C$4,IF(Parametre_2018!D$4<>"",IF(O24<=Parametre_2018!D$4,"MCL",IF(Parametre_2018!I$4<>"",IF(N24<=Parametre_2018!I$4,IF(Parametre_2018!J$4<>"",IF(O24<=Parametre_2018!J$4,"CL",""),"CL"),""),IF(Parametre_2018!J$4<>"",IF(O24<=Parametre_2018!J$4,"CL",""),"CL"))),"MCL"),IF(Parametre_2018!I$4<>"",IF(N24<=Parametre_2018!I$4,IF(Parametre_2018!J$4<>"",IF(O24<=Parametre_2018!J$4,"CL",""),"CL"),""),IF(Parametre_2018!J$4<>"",IF(O24<=Parametre_2018!J$4,"CL",""),"CL"))),IF(Parametre_2018!D$4<>"",IF(O24<=Parametre_2018!D$4,"MCL",IF(Parametre_2018!I$4<>"",IF(N24<=Parametre_2018!I$4,IF(Parametre_2018!J$4<>"",IF(O24<=Parametre_2018!J$4,"CL",""),"CL"),""),IF(Parametre_2018!J$4<>"",IF(O24<=Parametre_2018!J$4,"CL",""),"CL"))),"MCL")),IF(Q24<>"",IF(AND(Q24>Parametre_2018!B$4,Q24<=Parametre_2018!H$4),IF(Parametre_2018!I$4<>"",IF(N24<=Parametre_2018!I$4,IF(Parametre_2018!J$4<>"",IF(O24<=Parametre_2018!J$4,"CL",""),"CL"),""),IF(Parametre_2018!J$4<>"",IF(O24<=Parametre_2018!J$4,"CL",""),"CL")),""),"")),"") | AE24: IT Spy
A25: 6 | B25: A | C25: Berger | D25: Patrik | E25: Bc. | F25: IS 2 | G25: 43262 | H25: 4p-IS-SI | I25: Rozinajová | J25: Gašpar | K25: Predikcia retencie zákazníkov v online prostredí | L25: doc. Ing. Michal Kompan, PhD. | M25: Ing. Michal Barla, PhD. | N25: A | O25: A | P25: 1.63 | Q25: 1.58 | U25: =IF(OR(V25<>"",Y25<>"",AB25<>""),"Navrh","") | W25: A | X25: A | Y25: =IF(Q25<>"",IF(Q25<=1.2,IF(O25="A","CR",IF(V25<>"",IF(Parametre_2018!N$4=1,IF(LEFT(V25,1)="1",IF(V25<>"",IF(Parametre_2018!O$4<>"",IF(N25<=Parametre_2018!O$4,IF(V25<>"",IF(Parametre_2018!P$4<>"",IF(O25<=Parametre_2018!P$4,"PLD",""),"PLD"),""),""),IF(V25<>"",IF(Parametre_2018!P$4<>"",IF(O25<=Parametre_2018!P$4,"PLD",""),"PLD"),"")),""),""),IF(V25<>"",IF(Parametre_2018!O$4<>"",IF(N25<=Parametre_2018!O$4,IF(V25<>"",IF(Parametre_2018!P$4<>"",IF(O25<=Parametre_2018!P$4,"PLD",""),"PLD"),""),""),IF(V25<>"",IF(Parametre_2018!P$4<>"",IF(O25<=Parametre_2018!P$4,"PLD",""),"PLD"),"")),"")),"")),IF(V25<>"",IF(Parametre_2018!N$4=1,IF(LEFT(V25,1)="1",IF(V25<>"",IF(Parametre_2018!O$4<>"",IF(N25<=Parametre_2018!O$4,IF(V25<>"",IF(Parametre_2018!P$4<>"",IF(O25<=Parametre_2018!P$4,"PLD",""),"PLD"),""),""),IF(V25<>"",IF(Parametre_2018!P$4<>"",IF(O25<=Parametre_2018!P$4,"PLD",""),"PLD"),"")),""),""),IF(V25<>"",IF(Parametre_2018!O$4<>"",IF(N25<=Parametre_2018!O$4,IF(V25<>"",IF(Parametre_2018!P$4<>"",IF(O25<=Parametre_2018!P$4,"PLD",""),"PLD"),""),""),IF(V25<>"",IF(Parametre_2018!P$4<>"",IF(O25<=Parametre_2018!P$4,"PLD",""),"PLD"),"")),"")),"")),"") | AB25: =IF(Q25<>"",IF(Q25<=Parametre_2018!B$4,IF(Parametre_2018!C$4<>"",IF(N25<=Parametre_2018!C$4,IF(Parametre_2018!D$4<>"",IF(O25<=Parametre_2018!D$4,"MCL",IF(Parametre_2018!I$4<>"",IF(N25<=Parametre_2018!I$4,IF(Parametre_2018!J$4<>"",IF(O25<=Parametre_2018!J$4,"CL",""),"CL"),""),IF(Parametre_2018!J$4<>"",IF(O25<=Parametre_2018!J$4,"CL",""),"CL"))),"MCL"),IF(Parametre_2018!I$4<>"",IF(N25<=Parametre_2018!I$4,IF(Parametre_2018!J$4<>"",IF(O25<=Parametre_2018!J$4,"CL",""),"CL"),""),IF(Parametre_2018!J$4<>"",IF(O25<=Parametre_2018!J$4,"CL",""),"CL"))),IF(Parametre_2018!D$4<>"",IF(O25<=Parametre_2018!D$4,"MCL",IF(Parametre_2018!I$4<>"",IF(N25<=Parametre_2018!I$4,IF(Parametre_2018!J$4<>"",IF(O25<=Parametre_2018!J$4,"CL",""),"CL"),""),IF(Parametre_2018!J$4<>"",IF(O25<=Parametre_2018!J$4,"CL",""),"CL"))),"MCL")),IF(Q25<>"",IF(AND(Q25>Parametre_2018!B$4,Q25<=Parametre_2018!H$4),IF(Parametre_2018!I$4<>"",IF(N25<=Parametre_2018!I$4,IF(Parametre_2018!J$4<>"",IF(O25<=Parametre_2018!J$4,"CL",""),"CL"),""),IF(Parametre_2018!J$4<>"",IF(O25<=Parametre_2018!J$4,"CL",""),"CL")),""),"")),"")
A26: 7 | B26: A | C26: Blaško | D26: Adam | E26: Bc. | F26: SI 2 | G26: 43262 | H26: 5p-SI | I26: Vranič | J26: Jarábek | K26: Aplikovanie organizačných vzorov pri riešení problémov agilného a lean vývoja softvéru | L26: Ing. Tomáš Frťala | M26: doc. Ing. Valentino Vranić, PhD. | N26: A | O26: A | P26: 1.7 | Q26: 1.58 | U26: =IF(OR(V26<>"",Y26<>"",AB26<>""),"Navrh","") | Y26: =IF(Q26<>"",IF(Q26<=1.2,IF(O26="A","CR",IF(V26<>"",IF(Parametre_2018!N$4=1,IF(LEFT(V26,1)="1",IF(V26<>"",IF(Parametre_2018!O$4<>"",IF(N26<=Parametre_2018!O$4,IF(V26<>"",IF(Parametre_2018!P$4<>"",IF(O26<=Parametre_2018!P$4,"PLD",""),"PLD"),""),""),IF(V26<>"",IF(Parametre_2018!P$4<>"",IF(O26<=Parametre_2018!P$4,"PLD",""),"PLD"),"")),""),""),IF(V26<>"",IF(Parametre_2018!O$4<>"",IF(N26<=Parametre_2018!O$4,IF(V26<>"",IF(Parametre_2018!P$4<>"",IF(O26<=Parametre_2018!P$4,"PLD",""),"PLD"),""),""),IF(V26<>"",IF(Parametre_2018!P$4<>"",IF(O26<=Parametre_2018!P$4,"PLD",""),"PLD"),"")),"")),"")),IF(V26<>"",IF(Parametre_2018!N$4=1,IF(LEFT(V26,1)="1",IF(V26<>"",IF(Parametre_2018!O$4<>"",IF(N26<=Parametre_2018!O$4,IF(V26<>"",IF(Parametre_2018!P$4<>"",IF(O26<=Parametre_2018!P$4,"PLD",""),"PLD"),""),""),IF(V26<>"",IF(Parametre_2018!P$4<>"",IF(O26<=Parametre_2018!P$4,"PLD",""),"PLD"),"")),""),""),IF(V26<>"",IF(Parametre_2018!O$4<>"",IF(N26<=Parametre_2018!O$4,IF(V26<>"",IF(Parametre_2018!P$4<>"",IF(O26<=Parametre_2018!P$4,"PLD",""),"PLD"),""),""),IF(V26<>"",IF(Parametre_2018!P$4<>"",IF(O26<=Parametre_2018!P$4,"PLD",""),"PLD"),"")),"")),"")),"") | AB26: =IF(Q26<>"",IF(Q26<=Parametre_2018!B$4,IF(Parametre_2018!C$4<>"",IF(N26<=Parametre_2018!C$4,IF(Parametre_2018!D$4<>"",IF(O26<=Parametre_2018!D$4,"MCL",IF(Parametre_2018!I$4<>"",IF(N26<=Parametre_2018!I$4,IF(Parametre_2018!J$4<>"",IF(O26<=Parametre_2018!J$4,"CL",""),"CL"),""),IF(Parametre_2018!J$4<>"",IF(O26<=Parametre_2018!J$4,"CL",""),"CL"))),"MCL"),IF(Parametre_2018!I$4<>"",IF(N26<=Parametre_2018!I$4,IF(Parametre_2018!J$4<>"",IF(O26<=Parametre_2018!J$4,"CL",""),"CL"),""),IF(Parametre_2018!J$4<>"",IF(O26<=Parametre_2018!J$4,"CL",""),"CL"))),IF(Parametre_2018!D$4<>"",IF(O26<=Parametre_2018!D$4,"MCL",IF(Parametre_2018!I$4<>"",IF(N26<=Parametre_2018!I$4,IF(Parametre_2018!J$4<>"",IF(O26<=Parametre_2018!J$4,"CL",""),"CL"),""),IF(Parametre_2018!J$4<>"",IF(O26<=Parametre_2018!J$4,"CL",""),"CL"))),"MCL")),IF(Q26<>"",IF(AND(Q26>Parametre_2018!B$4,Q26<=Parametre_2018!H$4),IF(Parametre_2018!I$4<>"",IF(N26<=Parametre_2018!I$4,IF(Parametre_2018!J$4<>"",IF(O26<=Parametre_2018!J$4,"CL",""),"CL"),""),IF(Parametre_2018!J$4<>"",IF(O26<=Parametre_2018!J$4,"CL",""),"CL")),""),"")),"")
A27: 35 | B27: A | C27: Gočal | D27: Pavol | E27: Bc. | F27: SI 2 | G27: 43262 | H27: 8p-SI | I27: Kotuliak | J27: Košťál | K27: Zefektívnenie komunikácie zariadení Internetu vecí s využitím časových kanálov | L27: Ing. Dominik Macko, PhD. | M27: Ing. Marek Galinski | N27: A | O27: A | P27: 1.72 | Q27: 1.58 | U27: =IF(OR(V27<>"",Y27<>"",AB27<>""),"Navrh","") -> Navrh | V27: 1 | Y27: =IF(Q27<>"",IF(Q27<=1.2,IF(O27="A","CR",IF(V27<>"",IF(Parametre_2018!N$4=1,IF(LEFT(V27,1)="1",IF(V27<>"",IF(Parametre_2018!O$4<>"",IF(N27<=Parametre_2018!O$4,IF(V27<>"",IF(Parametre_2018!P$4<>"",IF(O27<=Parametre_2018!P$4,"PLD",""),"PLD"),""),""),IF(V27<>"",IF(Parametre_2018!P$4<>"",IF(O27<=Parametre_2018!P$4,"PLD",""),"PLD"),"")),""),""),IF(V27<>"",IF(Parametre_2018!O$4<>"",IF(N27<=Parametre_2018!O$4,IF(V27<>"",IF(Parametre_2018!P$4<>"",IF(O27<=Parametre_2018!P$4,"PLD",""),"PLD"),""),""),IF(V27<>"",IF(Parametre_2018!P$4<>"",IF(O27<=Parametre_2018!P$4,"PLD",""),"PLD"),"")),"")),"")),IF(V27<>"",IF(Parametre_2018!N$4=1,IF(LEFT(V27,1)="1",IF(V27<>"",IF(Parametre_2018!O$4<>"",IF(N27<=Parametre_2018!O$4,IF(V27<>"",IF(Parametre_2018!P$4<>"",IF(O27<=Parametre_2018!P$4,"PLD",""),"PLD"),""),""),IF(V27<>"",IF(Parametre_2018!P$4<>"",IF(O27<=Parametre_2018!P$4,"PLD",""),"PLD"),"")),""),""),IF(V27<>"",IF(Parametre_2018!O$4<>"",IF(N27<=Parametre_2018!O$4,IF(V27<>"",IF(Parametre_2018!P$4<>"",IF(O27<=Parametre_2018!P$4,"PLD",""),"PLD"),""),""),IF(V27<>"",IF(Parametre_2018!P$4<>"",IF(O27<=Parametre_2018!P$4,"PLD",""),"PLD"),"")),"")),"")),"") -> PLD | Z27: PLD | AA27: PLD | AB27: =IF(Q27<>"",IF(Q27<=Parametre_2018!B$4,IF(Parametre_2018!C$4<>"",IF(N27<=Parametre_2018!C$4,IF(Parametre_2018!D$4<>"",IF(O27<=Parametre_2018!D$4,"MCL",IF(Parametre_2018!I$4<>"",IF(N27<=Parametre_2018!I$4,IF(Parametre_2018!J$4<>"",IF(O27<=Parametre_2018!J$4,"CL",""),"CL"),""),IF(Parametre_2018!J$4<>"",IF(O27<=Parametre_2018!J$4,"CL",""),"CL"))),"MCL"),IF(Parametre_2018!I$4<>"",IF(N27<=Parametre_2018!I$4,IF(Parametre_2018!J$4<>"",IF(O27<=Parametre_2018!J$4,"CL",""),"CL"),""),IF(Parametre_2018!J$4<>"",IF(O27<=Parametre_2018!J$4,"CL",""),"CL"))),IF(Parametre_2018!D$4<>"",IF(O27<=Parametre_2018!D$4,"MCL",IF(Parametre_2018!I$4<>"",IF(N27<=Parametre_2018!I$4,IF(Parametre_2018!J$4<>"",IF(O27<=Parametre_2018!J$4,"CL",""),"CL"),""),IF(Parametre_2018!J$4<>"",IF(O27<=Parametre_2018!J$4,"CL",""),"CL"))),"MCL")),IF(Q27<>"",IF(AND(Q27>Parametre_2018!B$4,Q27<=Parametre_2018!H$4),IF(Parametre_2018!I$4<>"",IF(N27<=Parametre_2018!I$4,IF(Parametre_2018!J$4<>"",IF(O27<=Parametre_2018!J$4,"CL",""),"CL"),""),IF(Parametre_2018!J$4<>"",IF(O27<=Parametre_2018!J$4,"CL",""),"CL")),""),"")),"")
A28: 95 | B28: A | C28: Sitarčík | D28: Jozef | E28: Bc. | F28: IS 2 | G28: 43263 | H28: 3u-IS-SI | I28: Lucká | J28: Loebl | K28: Mapovanie DNA sekvencií | L28: doc. RNDr. Mária Lucká, PhD. | M28: RNDr. Anna Bou Ezzeddine, PhD. | N28: A | O28: A | P28: 1.68 | Q28: 1.58 | R28: D-AI | U28: =IF(OR(V28<>"",Y28<>"",AB28<>""),"Navrh","") -> Navrh | V28: 1B | Y28: =IF(Q28<>"",IF(Q28<=1.2,IF(O28="A","CR",IF(V28<>"",IF(Parametre_2018!N$4=1,IF(LEFT(V28,1)="1",IF(V28<>"",IF(Parametre_2018!O$4<>"",IF(N28<=Parametre_2018!O$4,IF(V28<>"",IF(Parametre_2018!P$4<>"",IF(O28<=Parametre_2018!P$4,"PLD",""),"PLD"),""),""),IF(V28<>"",IF(Parametre_2018!P$4<>"",IF(O28<=Parametre_2018!P$4,"PLD",""),"PLD"),"")),""),""),IF(V28<>"",IF(Parametre_2018!O$4<>"",IF(N28<=Parametre_2018!O$4,IF(V28<>"",IF(Parametre_2018!P$4<>"",IF(O28<=Parametre_2018!P$4,"PLD",""),"PLD"),""),""),IF(V28<>"",IF(Parametre_2018!P$4<>"",IF(O28<=Parametre_2018!P$4,"PLD",""),"PLD"),"")),"")),"")),IF(V28<>"",IF(Parametre_2018!N$4=1,IF(LEFT(V28,1)="1",IF(V28<>"",IF(Parametre_2018!O$4<>"",IF(N28<=Parametre_2018!O$4,IF(V28<>"",IF(Parametre_2018!P$4<>"",IF(O28<=Parametre_2018!P$4,"PLD",""),"PLD"),""),""),IF(V28<>"",IF(Parametre_2018!P$4<>"",IF(O28<=Parametre_2018!P$4,"PLD",""),"PLD"),"")),""),""),IF(V28<>"",IF(Parametre_2018!O$4<>"",IF(N28<=Parametre_2018!O$4,IF(V28<>"",IF(Parametre_2018!P$4<>"",IF(O28<=Parametre_2018!P$4,"PLD",""),"PLD"),""),""),IF(V28<>"",IF(Parametre_2018!P$4<>"",IF(O28<=Parametre_2018!P$4,"PLD",""),"PLD"),"")),"")),"")),"") -> PLD | Z28: PLD | AA28: PLD | AB28: =IF(Q28<>"",IF(Q28<=Parametre_2018!B$4,IF(Parametre_2018!C$4<>"",IF(N28<=Parametre_2018!C$4,IF(Parametre_2018!D$4<>"",IF(O28<=Parametre_2018!D$4,"MCL",IF(Parametre_2018!I$4<>"",IF(N28<=Parametre_2018!I$4,IF(Parametre_2018!J$4<>"",IF(O28<=Parametre_2018!J$4,"CL",""),"CL"),""),IF(Parametre_2018!J$4<>"",IF(O28<=Parametre_2018!J$4,"CL",""),"CL"))),"MCL"),IF(Parametre_2018!I$4<>"",IF(N28<=Parametre_2018!I$4,IF(Parametre_2018!J$4<>"",IF(O28<=Parametre_2018!J$4,"CL",""),"CL"),""),IF(Parametre_2018!J$4<>"",IF(O28<=Parametre_2018!J$4,"CL",""),"CL"))),IF(Parametre_2018!D$4<>"",IF(O28<=Parametre_2018!D$4,"MCL",IF(Parametre_2018!I$4<>"",IF(N28<=Parametre_2018!I$4,IF(Parametre_2018!J$4<>"",IF(O28<=Parametre_2018!J$4,"CL",""),"CL"),""),IF(Parametre_2018!J$4<>"",IF(O28<=Parametre_2018!J$4,"CL",""),"CL"))),"MCL")),IF(Q28<>"",IF(AND(Q28>Parametre_2018!B$4,Q28<=Parametre_2018!H$4),IF(Parametre_2018!I$4<>"",IF(N28<=Parametre_2018!I$4,IF(Parametre_2018!J$4<>"",IF(O28<=Parametre_2018!J$4,"CL",""),"CL"),""),IF(Parametre_2018!J$4<>"",IF(O28<=Parametre_2018!J$4,"CL",""),"CL")),""),"")),"")
A29: 117 | B29: A | C29: Zaťko | D29: Jozef | E29: Bc. | F29: SI 2 | G29: 43262 | H29: 5p-SI | I29: Vranič | J29: Jarábek | K29: Pohľady na softvér podľa tokov cez stránky | L29: Ing. Michal Bystrický | M29: doc. Ing. Valentino Vranić, PhD. | N29: A | O29: A | P29: 1.7 | Q29: 1.59 | S29: A | U29: =IF(OR(V29<>"",Y29<>"",AB29<>""),"Navrh","") -> Navrh | V29: 2 | X29: A | Y29: =IF(Q29<>"",IF(Q29<=1.2,IF(O29="A","CR",IF(V29<>"",IF(Parametre_2018!N$4=1,IF(LEFT(V29,1)="1",IF(V29<>"",IF(Parametre_2018!O$4<>"",IF(N29<=Parametre_2018!O$4,IF(V29<>"",IF(Parametre_2018!P$4<>"",IF(O29<=Parametre_2018!P$4,"PLD",""),"PLD"),""),""),IF(V29<>"",IF(Parametre_2018!P$4<>"",IF(O29<=Parametre_2018!P$4,"PLD",""),"PLD"),"")),""),""),IF(V29<>"",IF(Parametre_2018!O$4<>"",IF(N29<=Parametre_2018!O$4,IF(V29<>"",IF(Parametre_2018!P$4<>"",IF(O29<=Parametre_2018!P$4,"PLD",""),"PLD"),""),""),IF(V29<>"",IF(Parametre_2018!P$4<>"",IF(O29<=Parametre_2018!P$4,"PLD",""),"PLD"),"")),"")),"")),IF(V29<>"",IF(Parametre_2018!N$4=1,IF(LEFT(V29,1)="1",IF(V29<>"",IF(Parametre_2018!O$4<>"",IF(N29<=Parametre_2018!O$4,IF(V29<>"",IF(Parametre_2018!P$4<>"",IF(O29<=Parametre_2018!P$4,"PLD",""),"PLD"),""),""),IF(V29<>"",IF(Parametre_2018!P$4<>"",IF(O29<=Parametre_2018!P$4,"PLD",""),"PLD"),"")),""),""),IF(V29<>"",IF(Parametre_2018!O$4<>"",IF(N29<=Parametre_2018!O$4,IF(V29<>"",IF(Parametre_2018!P$4<>"",IF(O29<=Parametre_2018!P$4,"PLD",""),"PLD"),""),""),IF(V29<>"",IF(Parametre_2018!P$4<>"",IF(O29<=Parametre_2018!P$4,"PLD",""),"PLD"),"")),"")),"")),"") -> PLD | Z29: PLD | AA29: PLD | AB29: =IF(Q29<>"",IF(Q29<=Parametre_2018!B$4,IF(Parametre_2018!C$4<>"",IF(N29<=Parametre_2018!C$4,IF(Parametre_2018!D$4<>"",IF(O29<=Parametre_2018!D$4,"MCL",IF(Parametre_2018!I$4<>"",IF(N29<=Parametre_2018!I$4,IF(Parametre_2018!J$4<>"",IF(O29<=Parametre_2018!J$4,"CL",""),"CL"),""),IF(Parametre_2018!J$4<>"",IF(O29<=Parametre_2018!J$4,"CL",""),"CL"))),"MCL"),IF(Parametre_2018!I$4<>"",IF(N29<=Parametre_2018!I$4,IF(Parametre_2018!J$4<>"",IF(O29<=Parametre_2018!J$4,"CL",""),"CL"),""),IF(Parametre_2018!J$4<>"",IF(O29<=Parametre_2018!J$4,"CL",""),"CL"))),IF(Parametre_2018!D$4<>"",IF(O29<=Parametre_2018!D$4,"MCL",IF(Parametre_2018!I$4<>"",IF(N29<=Parametre_2018!I$4,IF(Parametre_2018!J$4<>"",IF(O29<=Parametre_2018!J$4,"CL",""),"CL"),""),IF(Parametre_2018!J$4<>"",IF(O29<=Parametre_2018!J$4,"CL",""),"CL"))),"MCL")),IF(Q29<>"",IF(AND(Q29>Parametre_2018!B$4,Q29<=Parametre_2018!H$4),IF(Parametre_2018!I$4<>"",IF(N29<=Parametre_2018!I$4,IF(Parametre_2018!J$4<>"",IF(O29<=Parametre_2018!J$4,"CL",""),"CL"),""),IF(Parametre_2018!J$4<>"",IF(O29<=Parametre_2018!J$4,"CL",""),"CL")),""),"")),"")
A30: 109 | B30: A | C30: Vaculčiak | D30: Andrej | E30: Bc. | F30: SI 2 | G30: 43262 | H30: 6p-IS-SI | I30: Chudá | J30: Petrík | K30: Ochrana aplikačných programov pred škodlivým softvérom | L30: doc. Ing. Tibor Krajčovič, PhD. | M30: Ing. Ján Hudec, PhD. | N30: A | O30: C | P30: 1.52 | Q30: 1.6 | U30: =IF(OR(V30<>"",Y30<>"",AB30<>""),"Navrh","") | Y30: =IF(Q30<>"",IF(Q30<=1.2,IF(O30="A","CR",IF(V30<>"",IF(Parametre_2018!N$4=1,IF(LEFT(V30,1)="1",IF(V30<>"",IF(Parametre_2018!O$4<>"",IF(N30<=Parametre_2018!O$4,IF(V30<>"",IF(Parametre_2018!P$4<>"",IF(O30<=Parametre_2018!P$4,"PLD",""),"PLD"),""),""),IF(V30<>"",IF(Parametre_2018!P$4<>"",IF(O30<=Parametre_2018!P$4,"PLD",""),"PLD"),"")),""),""),IF(V30<>"",IF(Parametre_2018!O$4<>"",IF(N30<=Parametre_2018!O$4,IF(V30<>"",IF(Parametre_2018!P$4<>"",IF(O30<=Parametre_2018!P$4,"PLD",""),"PLD"),""),""),IF(V30<>"",IF(Parametre_2018!P$4<>"",IF(O30<=Parametre_2018!P$4,"PLD",""),"PLD"),"")),"")),"")),IF(V30<>"",IF(Parametre_2018!N$4=1,IF(LEFT(V30,1)="1",IF(V30<>"",IF(Parametre_2018!O$4<>"",IF(N30<=Parametre_2018!O$4,IF(V30<>"",IF(Parametre_2018!P$4<>"",IF(O30<=Parametre_2018!P$4,"PLD",""),"PLD"),""),""),IF(V30<>"",IF(Parametre_2018!P$4<>"",IF(O30<=Parametre_2018!P$4,"PLD",""),"PLD"),"")),""),""),IF(V30<>"",IF(Parametre_2018!O$4<>"",IF(N30<=Parametre_2018!O$4,IF(V30<>"",IF(Parametre_2018!P$4<>"",IF(O30<=Parametre_2018!P$4,"PLD",""),"PLD"),""),""),IF(V30<>"",IF(Parametre_2018!P$4<>"",IF(O30<=Parametre_2018!P$4,"PLD",""),"PLD"),"")),"")),"")),"") | AB30: =IF(Q30<>"",IF(Q30<=Parametre_2018!B$4,IF(Parametre_2018!C$4<>"",IF(N30<=Parametre_2018!C$4,IF(Parametre_2018!D$4<>"",IF(O30<=Parametre_2018!D$4,"MCL",IF(Parametre_2018!I$4<>"",IF(N30<=Parametre_2018!I$4,IF(Parametre_2018!J$4<>"",IF(O30<=Parametre_2018!J$4,"CL",""),"CL"),""),IF(Parametre_2018!J$4<>"",IF(O30<=Parametre_2018!J$4,"CL",""),"CL"))),"MCL"),IF(Parametre_2018!I$4<>"",IF(N30<=Parametre_2018!I$4,IF(Parametre_2018!J$4<>"",IF(O30<=Parametre_2018!J$4,"CL",""),"CL"),""),IF(Parametre_2018!J$4<>"",IF(O30<=Parametre_2018!J$4,"CL",""),"CL"))),IF(Parametre_2018!D$4<>"",IF(O30<=Parametre_2018!D$4,"MCL",IF(Parametre_2018!I$4<>"",IF(N30<=Parametre_2018!I$4,IF(Parametre_2018!J$4<>"",IF(O30<=Parametre_2018!J$4,"CL",""),"CL"),""),IF(Parametre_2018!J$4<>"",IF(O30<=Parametre_2018!J$4,"CL",""),"CL"))),"MCL")),IF(Q30<>"",IF(AND(Q30>Parametre_2018!B$4,Q30<=Parametre_2018!H$4),IF(Parametre_2018!I$4<>"",IF(N30<=Parametre_2018!I$4,IF(Parametre_2018!J$4<>"",IF(O30<=Parametre_2018!J$4,"CL",""),"CL"),""),IF(Parametre_2018!J$4<>"",IF(O30<=Parametre_2018!J$4,"CL",""),"CL")),""),"")),"")
A31: 48 | B31: A | C31: Januška | D31: Patrik | E31: Bc. | F31: SI 2 | G31: 43262 | H31: 5p-SI | I31: Vranič | J31: Jarábek | K31: Detekcia podobnosti zdrojového kódu na architektúre riadenej komplexnými udalosťami | L31: Ing. Ján Lang, PhD. | M31: Mgr. Jozef Tvarožek, PhD. | N31: C | O31: B | P31: 1.62 | Q31: 1.62 | U31: =IF(OR(V31<>"",Y31<>"",AB31<>""),"Navrh","") | Y31: =IF(Q31<>"",IF(Q31<=1.2,IF(O31="A","CR",IF(V31<>"",IF(Parametre_2018!N$4=1,IF(LEFT(V31,1)="1",IF(V31<>"",IF(Parametre_2018!O$4<>"",IF(N31<=Parametre_2018!O$4,IF(V31<>"",IF(Parametre_2018!P$4<>"",IF(O31<=Parametre_2018!P$4,"PLD",""),"PLD"),""),""),IF(V31<>"",IF(Parametre_2018!P$4<>"",IF(O31<=Parametre_2018!P$4,"PLD",""),"PLD"),"")),""),""),IF(V31<>"",IF(Parametre_2018!O$4<>"",IF(N31<=Parametre_2018!O$4,IF(V31<>"",IF(Parametre_2018!P$4<>"",IF(O31<=Parametre_2018!P$4,"PLD",""),"PLD"),""),""),IF(V31<>"",IF(Parametre_2018!P$4<>"",IF(O31<=Parametre_2018!P$4,"PLD",""),"PLD"),"")),"")),"")),IF(V31<>"",IF(Parametre_2018!N$4=1,IF(LEFT(V31,1)="1",IF(V31<>"",IF(Parametre_2018!O$4<>"",IF(N31<=Parametre_2018!O$4,IF(V31<>"",IF(Parametre_2018!P$4<>"",IF(O31<=Parametre_2018!P$4,"PLD",""),"PLD"),""),""),IF(V31<>"",IF(Parametre_2018!P$4<>"",IF(O31<=Parametre_2018!P$4,"PLD",""),"PLD"),"")),""),""),IF(V31<>"",IF(Parametre_2018!O$4<>"",IF(N31<=Parametre_2018!O$4,IF(V31<>"",IF(Parametre_2018!P$4<>"",IF(O31<=Parametre_2018!P$4,"PLD",""),"PLD"),""),""),IF(V31<>"",IF(Parametre_2018!P$4<>"",IF(O31<=Parametre_2018!P$4,"PLD",""),"PLD"),"")),"")),"")),"") | AB31: =IF(Q31<>"",IF(Q31<=Parametre_2018!B$4,IF(Parametre_2018!C$4<>"",IF(N31<=Parametre_2018!C$4,IF(Parametre_2018!D$4<>"",IF(O31<=Parametre_2018!D$4,"MCL",IF(Parametre_2018!I$4<>"",IF(N31<=Parametre_2018!I$4,IF(Parametre_2018!J$4<>"",IF(O31<=Parametre_2018!J$4,"CL",""),"CL"),""),IF(Parametre_2018!J$4<>"",IF(O31<=Parametre_2018!J$4,"CL",""),"CL"))),"MCL"),IF(Parametre_2018!I$4<>"",IF(N31<=Parametre_2018!I$4,IF(Parametre_2018!J$4<>"",IF(O31<=Parametre_2018!J$4,"CL",""),"CL"),""),IF(Parametre_2018!J$4<>"",IF(O31<=Parametre_2018!J$4,"CL",""),"CL"))),IF(Parametre_2018!D$4<>"",IF(O31<=Parametre_2018!D$4,"MCL",IF(Parametre_2018!I$4<>"",IF(N31<=Parametre_2018!I$4,IF(Parametre_2018!J$4<>"",IF(O31<=Parametre_2018!J$4,"CL",""),"CL"),""),IF(Parametre_2018!J$4<>"",IF(O31<=Parametre_2018!J$4,"CL",""),"CL"))),"MCL")),IF(Q31<>"",IF(AND(Q31>Parametre_2018!B$4,Q31<=Parametre_2018!H$4),IF(Parametre_2018!I$4<>"",IF(N31<=Parametre_2018!I$4,IF(Parametre_2018!J$4<>"",IF(O31<=Parametre_2018!J$4,"CL",""),"CL"),""),IF(Parametre_2018!J$4<>"",IF(O31<=Parametre_2018!J$4,"CL",""),"CL")),""),"")),"")
A32: 65 | B32: A | C32: Makan | D32: Branislav | E32: Bc. | F32: IS 2 | G32: 43263 | H32: 7u-IS-SI | I32: Benešová | J32: Hudec | K32: Automatické dopĺňanie chýbajúcej časti trojrozmernej scény | L32: doc. Ing. Vanda Benešová, PhD. | M32: Ing. Peter Kapec, PhD. | N32: B | O32: B | P32: 1.63 | Q32: 1.62 | U32: =IF(OR(V32<>"",Y32<>"",AB32<>""),"Navrh","") | Y32: =IF(Q32<>"",IF(Q32<=1.2,IF(O32="A","CR",IF(V32<>"",IF(Parametre_2018!N$4=1,IF(LEFT(V32,1)="1",IF(V32<>"",IF(Parametre_2018!O$4<>"",IF(N32<=Parametre_2018!O$4,IF(V32<>"",IF(Parametre_2018!P$4<>"",IF(O32<=Parametre_2018!P$4,"PLD",""),"PLD"),""),""),IF(V32<>"",IF(Parametre_2018!P$4<>"",IF(O32<=Parametre_2018!P$4,"PLD",""),"PLD"),"")),""),""),IF(V32<>"",IF(Parametre_2018!O$4<>"",IF(N32<=Parametre_2018!O$4,IF(V32<>"",IF(Parametre_2018!P$4<>"",IF(O32<=Parametre_2018!P$4,"PLD",""),"PLD"),""),""),IF(V32<>"",IF(Parametre_2018!P$4<>"",IF(O32<=Parametre_2018!P$4,"PLD",""),"PLD"),"")),"")),"")),IF(V32<>"",IF(Parametre_2018!N$4=1,IF(LEFT(V32,1)="1",IF(V32<>"",IF(Parametre_2018!O$4<>"",IF(N32<=Parametre_2018!O$4,IF(V32<>"",IF(Parametre_2018!P$4<>"",IF(O32<=Parametre_2018!P$4,"PLD",""),"PLD"),""),""),IF(V32<>"",IF(Parametre_2018!P$4<>"",IF(O32<=Parametre_2018!P$4,"PLD",""),"PLD"),"")),""),""),IF(V32<>"",IF(Parametre_2018!O$4<>"",IF(N32<=Parametre_2018!O$4,IF(V32<>"",IF(Parametre_2018!P$4<>"",IF(O32<=Parametre_2018!P$4,"PLD",""),"PLD"),""),""),IF(V32<>"",IF(Parametre_2018!P$4<>"",IF(O32<=Parametre_2018!P$4,"PLD",""),"PLD"),"")),"")),"")),"") | AB32: =IF(Q32<>"",IF(Q32<=Parametre_2018!B$4,IF(Parametre_2018!C$4<>"",IF(N32<=Parametre_2018!C$4,IF(Parametre_2018!D$4<>"",IF(O32<=Parametre_2018!D$4,"MCL",IF(Parametre_2018!I$4<>"",IF(N32<=Parametre_2018!I$4,IF(Parametre_2018!J$4<>"",IF(O32<=Parametre_2018!J$4,"CL",""),"CL"),""),IF(Parametre_2018!J$4<>"",IF(O32<=Parametre_2018!J$4,"CL",""),"CL"))),"MCL"),IF(Parametre_2018!I$4<>"",IF(N32<=Parametre_2018!I$4,IF(Parametre_2018!J$4<>"",IF(O32<=Parametre_2018!J$4,"CL",""),"CL"),""),IF(Parametre_2018!J$4<>"",IF(O32<=Parametre_2018!J$4,"CL",""),"CL"))),IF(Parametre_2018!D$4<>"",IF(O32<=Parametre_2018!D$4,"MCL",IF(Parametre_2018!I$4<>"",IF(N32<=Parametre_2018!I$4,IF(Parametre_2018!J$4<>"",IF(O32<=Parametre_2018!J$4,"CL",""),"CL"),""),IF(Parametre_2018!J$4<>"",IF(O32<=Parametre_2018!J$4,"CL",""),"CL"))),"MCL")),IF(Q32<>"",IF(AND(Q32>Parametre_2018!B$4,Q32<=Parametre_2018!H$4),IF(Parametre_2018!I$4<>"",IF(N32<=Parametre_2018!I$4,IF(Parametre_2018!J$4<>"",IF(O32<=Parametre_2018!J$4,"CL",""),"CL"),""),IF(Parametre_2018!J$4<>"",IF(O32<=Parametre_2018!J$4,"CL",""),"CL")),""),"")),"")
A33: 55 | B33: A | C33: Košťan | D33: Viktor | E33: Bc. | F33: IS 2 | G33: 43262 | H33: 7p-IS-SI | I33: Benešová | J33: Marták | K33: Rozpoznávanie zaujatia človeka s použitím sekvenčnej analýzy | L33: doc. Ing. Vanda Benešová, PhD. | M33: Ing. Patrik Polatsek | N33: C | O33: B | P33: 1.61 | Q33: 1.63 | S33: A | U33: =IF(OR(V33<>"",Y33<>"",AB33<>""),"Navrh","") | Y33: =IF(Q33<>"",IF(Q33<=1.2,IF(O33="A","CR",IF(V33<>"",IF(Parametre_2018!N$4=1,IF(LEFT(V33,1)="1",IF(V33<>"",IF(Parametre_2018!O$4<>"",IF(N33<=Parametre_2018!O$4,IF(V33<>"",IF(Parametre_2018!P$4<>"",IF(O33<=Parametre_2018!P$4,"PLD",""),"PLD"),""),""),IF(V33<>"",IF(Parametre_2018!P$4<>"",IF(O33<=Parametre_2018!P$4,"PLD",""),"PLD"),"")),""),""),IF(V33<>"",IF(Parametre_2018!O$4<>"",IF(N33<=Parametre_2018!O$4,IF(V33<>"",IF(Parametre_2018!P$4<>"",IF(O33<=Parametre_2018!P$4,"PLD",""),"PLD"),""),""),IF(V33<>"",IF(Parametre_2018!P$4<>"",IF(O33<=Parametre_2018!P$4,"PLD",""),"PLD"),"")),"")),"")),IF(V33<>"",IF(Parametre_2018!N$4=1,IF(LEFT(V33,1)="1",IF(V33<>"",IF(Parametre_2018!O$4<>"",IF(N33<=Parametre_2018!O$4,IF(V33<>"",IF(Parametre_2018!P$4<>"",IF(O33<=Parametre_2018!P$4,"PLD",""),"PLD"),""),""),IF(V33<>"",IF(Parametre_2018!P$4<>"",IF(O33<=Parametre_2018!P$4,"PLD",""),"PLD"),"")),""),""),IF(V33<>"",IF(Parametre_2018!O$4<>"",IF(N33<=Parametre_2018!O$4,IF(V33<>"",IF(Parametre_2018!P$4<>"",IF(O33<=Parametre_2018!P$4,"PLD",""),"PLD"),""),""),IF(V33<>"",IF(Parametre_2018!P$4<>"",IF(O33<=Parametre_2018!P$4,"PLD",""),"PLD"),"")),"")),"")),"") | AB33: =IF(Q33<>"",IF(Q33<=Parametre_2018!B$4,IF(Parametre_2018!C$4<>"",IF(N33<=Parametre_2018!C$4,IF(Parametre_2018!D$4<>"",IF(O33<=Parametre_2018!D$4,"MCL",IF(Parametre_2018!I$4<>"",IF(N33<=Parametre_2018!I$4,IF(Parametre_2018!J$4<>"",IF(O33<=Parametre_2018!J$4,"CL",""),"CL"),""),IF(Parametre_2018!J$4<>"",IF(O33<=Parametre_2018!J$4,"CL",""),"CL"))),"MCL"),IF(Parametre_2018!I$4<>"",IF(N33<=Parametre_2018!I$4,IF(Parametre_2018!J$4<>"",IF(O33<=Parametre_2018!J$4,"CL",""),"CL"),""),IF(Parametre_2018!J$4<>"",IF(O33<=Parametre_2018!J$4,"CL",""),"CL"))),IF(Parametre_2018!D$4<>"",IF(O33<=Parametre_2018!D$4,"MCL",IF(Parametre_2018!I$4<>"",IF(N33<=Parametre_2018!I$4,IF(Parametre_2018!J$4<>"",IF(O33<=Parametre_2018!J$4,"CL",""),"CL"),""),IF(Parametre_2018!J$4<>"",IF(O33<=Parametre_2018!J$4,"CL",""),"CL"))),"MCL")),IF(Q33<>"",IF(AND(Q33>Parametre_2018!B$4,Q33<=Parametre_2018!H$4),IF(Parametre_2018!I$4<>"",IF(N33<=Parametre_2018!I$4,IF(Parametre_2018!J$4<>"",IF(O33<=Parametre_2018!J$4,"CL",""),"CL"),""),IF(Parametre_2018!J$4<>"",IF(O33<=Parametre_2018!J$4,"CL",""),"CL")),""),"")),"")
A34: 80 | B34: A | C34: Pánis | D34: Ján | E34: Bc. | F34: SI 2 | G34: 43263 | H34: 8u-IS-SI | I34: Kotuliak | J34: Doubravský | K34: Interoperabilita a kompatibilita v heterogénnom komunikačnom prostredí internetu vecí | L34: prof. Ing. Pavel Čičák, PhD. | M34: Dr. Ing. Michal Ries | N34: A | O34: B | P34: 1.68 | Q34: 1.63 | U34: =IF(OR(V34<>"",Y34<>"",AB34<>""),"Navrh","") | Y34: =IF(Q34<>"",IF(Q34<=1.2,IF(O34="A","CR",IF(V34<>"",IF(Parametre_2018!N$4=1,IF(LEFT(V34,1)="1",IF(V34<>"",IF(Parametre_2018!O$4<>"",IF(N34<=Parametre_2018!O$4,IF(V34<>"",IF(Parametre_2018!P$4<>"",IF(O34<=Parametre_2018!P$4,"PLD",""),"PLD"),""),""),IF(V34<>"",IF(Parametre_2018!P$4<>"",IF(O34<=Parametre_2018!P$4,"PLD",""),"PLD"),"")),""),""),IF(V34<>"",IF(Parametre_2018!O$4<>"",IF(N34<=Parametre_2018!O$4,IF(V34<>"",IF(Parametre_2018!P$4<>"",IF(O34<=Parametre_2018!P$4,"PLD",""),"PLD"),""),""),IF(V34<>"",IF(Parametre_2018!P$4<>"",IF(O34<=Parametre_2018!P$4,"PLD",""),"PLD"),"")),"")),"")),IF(V34<>"",IF(Parametre_2018!N$4=1,IF(LEFT(V34,1)="1",IF(V34<>"",IF(Parametre_2018!O$4<>"",IF(N34<=Parametre_2018!O$4,IF(V34<>"",IF(Parametre_2018!P$4<>"",IF(O34<=Parametre_2018!P$4,"PLD",""),"PLD"),""),""),IF(V34<>"",IF(Parametre_2018!P$4<>"",IF(O34<=Parametre_2018!P$4,"PLD",""),"PLD"),"")),""),""),IF(V34<>"",IF(Parametre_2018!O$4<>"",IF(N34<=Parametre_2018!O$4,IF(V34<>"",IF(Parametre_2018!P$4<>"",IF(O34<=Parametre_2018!P$4,"PLD",""),"PLD"),""),""),IF(V34<>"",IF(Parametre_2018!P$4<>"",IF(O34<=Parametre_2018!P$4,"PLD",""),"PLD"),"")),"")),"")),"") | AB34: =IF(Q34<>"",IF(Q34<=Parametre_2018!B$4,IF(Parametre_2018!C$4<>"",IF(N34<=Parametre_2018!C$4,IF(Parametre_2018!D$4<>"",IF(O34<=Parametre_2018!D$4,"MCL",IF(Parametre_2018!I$4<>"",IF(N34<=Parametre_2018!I$4,IF(Parametre_2018!J$4<>"",IF(O34<=Parametre_2018!J$4,"CL",""),"CL"),""),IF(Parametre_2018!J$4<>"",IF(O34<=Parametre_2018!J$4,"CL",""),"CL"))),"MCL"),IF(Parametre_2018!I$4<>"",IF(N34<=Parametre_2018!I$4,IF(Parametre_2018!J$4<>"",IF(O34<=Parametre_2018!J$4,"CL",""),"CL"),""),IF(Parametre_2018!J$4<>"",IF(O34<=Parametre_2018!J$4,"CL",""),"CL"))),IF(Parametre_2018!D$4<>"",IF(O34<=Parametre_2018!D$4,"MCL",IF(Parametre_2018!I$4<>"",IF(N34<=Parametre_2018!I$4,IF(Parametre_2018!J$4<>"",IF(O34<=Parametre_2018!J$4,"CL",""),"CL"),""),IF(Parametre_2018!J$4<>"",IF(O34<=Parametre_2018!J$4,"CL",""),"CL"))),"MCL")),IF(Q34<>"",IF(AND(Q34>Parametre_2018!B$4,Q34<=Parametre_2018!H$4),IF(Parametre_2018!I$4<>"",IF(N34<=Parametre_2018!I$4,IF(Parametre_2018!J$4<>"",IF(O34<=Parametre_2018!J$4,"CL",""),"CL"),""),IF(Parametre_2018!J$4<>"",IF(O34<=Parametre_2018!J$4,"CL",""),"CL")),""),"")),"")
A35: 40 | B35: A | C35: Hagara | D35: Lukáš | E35: Bc. | F35: IS 2 | G35: 43262 | H35: 6p-IS-SI | I35: Chudá | J35: Petrík | K35: Adaptívna viacfaktorová autentifikácia s dynamikou písania na klávesnici | L35: doc. Mgr. Daniela Chudá, PhD. | M35: Mgr. Irina Malkin Ondik, PhD. | N35: B | O35: B | P35: 1.63 | Q35: 1.64 | U35: =IF(OR(V35<>"",Y35<>"",AB35<>""),"Navrh","") | W35: A | Y35: =IF(Q35<>"",IF(Q35<=1.2,IF(O35="A","CR",IF(V35<>"",IF(Parametre_2018!N$4=1,IF(LEFT(V35,1)="1",IF(V35<>"",IF(Parametre_2018!O$4<>"",IF(N35<=Parametre_2018!O$4,IF(V35<>"",IF(Parametre_2018!P$4<>"",IF(O35<=Parametre_2018!P$4,"PLD",""),"PLD"),""),""),IF(V35<>"",IF(Parametre_2018!P$4<>"",IF(O35<=Parametre_2018!P$4,"PLD",""),"PLD"),"")),""),""),IF(V35<>"",IF(Parametre_2018!O$4<>"",IF(N35<=Parametre_2018!O$4,IF(V35<>"",IF(Parametre_2018!P$4<>"",IF(O35<=Parametre_2018!P$4,"PLD",""),"PLD"),""),""),IF(V35<>"",IF(Parametre_2018!P$4<>"",IF(O35<=Parametre_2018!P$4,"PLD",""),"PLD"),"")),"")),"")),IF(V35<>"",IF(Parametre_2018!N$4=1,IF(LEFT(V35,1)="1",IF(V35<>"",IF(Parametre_2018!O$4<>"",IF(N35<=Parametre_2018!O$4,IF(V35<>"",IF(Parametre_2018!P$4<>"",IF(O35<=Parametre_2018!P$4,"PLD",""),"PLD"),""),""),IF(V35<>"",IF(Parametre_2018!P$4<>"",IF(O35<=Parametre_2018!P$4,"PLD",""),"PLD"),"")),""),""),IF(V35<>"",IF(Parametre_2018!O$4<>"",IF(N35<=Parametre_2018!O$4,IF(V35<>"",IF(Parametre_2018!P$4<>"",IF(O35<=Parametre_2018!P$4,"PLD",""),"PLD"),""),""),IF(V35<>"",IF(Parametre_2018!P$4<>"",IF(O35<=Parametre_2018!P$4,"PLD",""),"PLD"),"")),"")),"")),"") | AB35: =IF(Q35<>"",IF(Q35<=Parametre_2018!B$4,IF(Parametre_2018!C$4<>"",IF(N35<=Parametre_2018!C$4,IF(Parametre_2018!D$4<>"",IF(O35<=Parametre_2018!D$4,"MCL",IF(Parametre_2018!I$4<>"",IF(N35<=Parametre_2018!I$4,IF(Parametre_2018!J$4<>"",IF(O35<=Parametre_2018!J$4,"CL",""),"CL"),""),IF(Parametre_2018!J$4<>"",IF(O35<=Parametre_2018!J$4,"CL",""),"CL"))),"MCL"),IF(Parametre_2018!I$4<>"",IF(N35<=Parametre_2018!I$4,IF(Parametre_2018!J$4<>"",IF(O35<=Parametre_2018!J$4,"CL",""),"CL"),""),IF(Parametre_2018!J$4<>"",IF(O35<=Parametre_2018!J$4,"CL",""),"CL"))),IF(Parametre_2018!D$4<>"",IF(O35<=Parametre_2018!D$4,"MCL",IF(Parametre_2018!I$4<>"",IF(N35<=Parametre_2018!I$4,IF(Parametre_2018!J$4<>"",IF(O35<=Parametre_2018!J$4,"CL",""),"CL"),""),IF(Parametre_2018!J$4<>"",IF(O35<=Parametre_2018!J$4,"CL",""),"CL"))),"MCL")),IF(Q35<>"",IF(AND(Q35>Parametre_2018!B$4,Q35<=Parametre_2018!H$4),IF(Parametre_2018!I$4<>"",IF(N35<=Parametre_2018!I$4,IF(Parametre_2018!J$4<>"",IF(O35<=Parametre_2018!J$4,"CL",""),"CL"),""),IF(Parametre_2018!J$4<>"",IF(O35<=Parametre_2018!J$4,"CL",""),"CL")),""),"")),"") | AF35: nie
A36: 83 | B36: A | C36: Pavlíková | D36: Barbora | E36: Bc. | F36: IS 2 | G36: 43262 | H36: 2p-IS-SI | I36: Návrat | J36: Farkaš | K36: Identifikácia vzorov a podobností v dátach z encefalogramu | L36: Ing. Juraj Petrík | M36: doc. Ing. Viera Rozinajová, PhD. | N36: A | O36: A | P36: 1.63 | Q36: 1.64 | U36: =IF(OR(V36<>"",Y36<>"",AB36<>""),"Navrh","") | X36: A | Y36: =IF(Q36<>"",IF(Q36<=1.2,IF(O36="A","CR",IF(V36<>"",IF(Parametre_2018!N$4=1,IF(LEFT(V36,1)="1",IF(V36<>"",IF(Parametre_2018!O$4<>"",IF(N36<=Parametre_2018!O$4,IF(V36<>"",IF(Parametre_2018!P$4<>"",IF(O36<=Parametre_2018!P$4,"PLD",""),"PLD"),""),""),IF(V36<>"",IF(Parametre_2018!P$4<>"",IF(O36<=Parametre_2018!P$4,"PLD",""),"PLD"),"")),""),""),IF(V36<>"",IF(Parametre_2018!O$4<>"",IF(N36<=Parametre_2018!O$4,IF(V36<>"",IF(Parametre_2018!P$4<>"",IF(O36<=Parametre_2018!P$4,"PLD",""),"PLD"),""),""),IF(V36<>"",IF(Parametre_2018!P$4<>"",IF(O36<=Parametre_2018!P$4,"PLD",""),"PLD"),"")),"")),"")),IF(V36<>"",IF(Parametre_2018!N$4=1,IF(LEFT(V36,1)="1",IF(V36<>"",IF(Parametre_2018!O$4<>"",IF(N36<=Parametre_2018!O$4,IF(V36<>"",IF(Parametre_2018!P$4<>"",IF(O36<=Parametre_2018!P$4,"PLD",""),"PLD"),""),""),IF(V36<>"",IF(Parametre_2018!P$4<>"",IF(O36<=Parametre_2018!P$4,"PLD",""),"PLD"),"")),""),""),IF(V36<>"",IF(Parametre_2018!O$4<>"",IF(N36<=Parametre_2018!O$4,IF(V36<>"",IF(Parametre_2018!P$4<>"",IF(O36<=Parametre_2018!P$4,"PLD",""),"PLD"),""),""),IF(V36<>"",IF(Parametre_2018!P$4<>"",IF(O36<=Parametre_2018!P$4,"PLD",""),"PLD"),"")),"")),"")),"") | AB36: =IF(Q36<>"",IF(Q36<=Parametre_2018!B$4,IF(Parametre_2018!C$4<>"",IF(N36<=Parametre_2018!C$4,IF(Parametre_2018!D$4<>"",IF(O36<=Parametre_2018!D$4,"MCL",IF(Parametre_2018!I$4<>"",IF(N36<=Parametre_2018!I$4,IF(Parametre_2018!J$4<>"",IF(O36<=Parametre_2018!J$4,"CL",""),"CL"),""),IF(Parametre_2018!J$4<>"",IF(O36<=Parametre_2018!J$4,"CL",""),"CL"))),"MCL"),IF(Parametre_2018!I$4<>"",IF(N36<=Parametre_2018!I$4,IF(Parametre_2018!J$4<>"",IF(O36<=Parametre_2018!J$4,"CL",""),"CL"),""),IF(Parametre_2018!J$4<>"",IF(O36<=Parametre_2018!J$4,"CL",""),"CL"))),IF(Parametre_2018!D$4<>"",IF(O36<=Parametre_2018!D$4,"MCL",IF(Parametre_2018!I$4<>"",IF(N36<=Parametre_2018!I$4,IF(Parametre_2018!J$4<>"",IF(O36<=Parametre_2018!J$4,"CL",""),"CL"),""),IF(Parametre_2018!J$4<>"",IF(O36<=Parametre_2018!J$4,"CL",""),"CL"))),"MCL")),IF(Q36<>"",IF(AND(Q36>Parametre_2018!B$4,Q36<=Parametre_2018!H$4),IF(Parametre_2018!I$4<>"",IF(N36<=Parametre_2018!I$4,IF(Parametre_2018!J$4<>"",IF(O36<=Parametre_2018!J$4,"CL",""),"CL"),""),IF(Parametre_2018!J$4<>"",IF(O36<=Parametre_2018!J$4,"CL",""),"CL")),""),"")),"")
A37: 38 | B37: A | C37: Gulis | D37: Ivan | E37: Bc. | F37: IS 2 | G37: 43262 | H37: 6p-IS-SI | I37: Chudá | J37: Petrík | K37: Určenie podobnosti hry-hrajúcich softvérov | L37: doc. Mgr. Daniela Chudá, PhD. | M37: Ing. Juraj Petrík | N37: C | O37: C | P37: 1.6 | Q37: 1.66 | U37: =IF(OR(V37<>"",Y37<>"",AB37<>""),"Navrh","") | W37: A | Y37: =IF(Q37<>"",IF(Q37<=1.2,IF(O37="A","CR",IF(V37<>"",IF(Parametre_2018!N$4=1,IF(LEFT(V37,1)="1",IF(V37<>"",IF(Parametre_2018!O$4<>"",IF(N37<=Parametre_2018!O$4,IF(V37<>"",IF(Parametre_2018!P$4<>"",IF(O37<=Parametre_2018!P$4,"PLD",""),"PLD"),""),""),IF(V37<>"",IF(Parametre_2018!P$4<>"",IF(O37<=Parametre_2018!P$4,"PLD",""),"PLD"),"")),""),""),IF(V37<>"",IF(Parametre_2018!O$4<>"",IF(N37<=Parametre_2018!O$4,IF(V37<>"",IF(Parametre_2018!P$4<>"",IF(O37<=Parametre_2018!P$4,"PLD",""),"PLD"),""),""),IF(V37<>"",IF(Parametre_2018!P$4<>"",IF(O37<=Parametre_2018!P$4,"PLD",""),"PLD"),"")),"")),"")),IF(V37<>"",IF(Parametre_2018!N$4=1,IF(LEFT(V37,1)="1",IF(V37<>"",IF(Parametre_2018!O$4<>"",IF(N37<=Parametre_2018!O$4,IF(V37<>"",IF(Parametre_2018!P$4<>"",IF(O37<=Parametre_2018!P$4,"PLD",""),"PLD"),""),""),IF(V37<>"",IF(Parametre_2018!P$4<>"",IF(O37<=Parametre_2018!P$4,"PLD",""),"PLD"),"")),""),""),IF(V37<>"",IF(Parametre_2018!O$4<>"",IF(N37<=Parametre_2018!O$4,IF(V37<>"",IF(Parametre_2018!P$4<>"",IF(O37<=Parametre_2018!P$4,"PLD",""),"PLD"),""),""),IF(V37<>"",IF(Parametre_2018!P$4<>"",IF(O37<=Parametre_2018!P$4,"PLD",""),"PLD"),"")),"")),"")),"") | AB37: =IF(Q37<>"",IF(Q37<=Parametre_2018!B$4,IF(Parametre_2018!C$4<>"",IF(N37<=Parametre_2018!C$4,IF(Parametre_2018!D$4<>"",IF(O37<=Parametre_2018!D$4,"MCL",IF(Parametre_2018!I$4<>"",IF(N37<=Parametre_2018!I$4,IF(Parametre_2018!J$4<>"",IF(O37<=Parametre_2018!J$4,"CL",""),"CL"),""),IF(Parametre_2018!J$4<>"",IF(O37<=Parametre_2018!J$4,"CL",""),"CL"))),"MCL"),IF(Parametre_2018!I$4<>"",IF(N37<=Parametre_2018!I$4,IF(Parametre_2018!J$4<>"",IF(O37<=Parametre_2018!J$4,"CL",""),"CL"),""),IF(Parametre_2018!J$4<>"",IF(O37<=Parametre_2018!J$4,"CL",""),"CL"))),IF(Parametre_2018!D$4<>"",IF(O37<=Parametre_2018!D$4,"MCL",IF(Parametre_2018!I$4<>"",IF(N37<=Parametre_2018!I$4,IF(Parametre_2018!J$4<>"",IF(O37<=Parametre_2018!J$4,"CL",""),"CL"),""),IF(Parametre_2018!J$4<>"",IF(O37<=Parametre_2018!J$4,"CL",""),"CL"))),"MCL")),IF(Q37<>"",IF(AND(Q37>Parametre_2018!B$4,Q37<=Parametre_2018!H$4),IF(Parametre_2018!I$4<>"",IF(N37<=Parametre_2018!I$4,IF(Parametre_2018!J$4<>"",IF(O37<=Parametre_2018!J$4,"CL",""),"CL"),""),IF(Parametre_2018!J$4<>"",IF(O37<=Parametre_2018!J$4,"CL",""),"CL")),""),"")),"")
A38: 25 | B38: A | C38: Dekrét | D38: Šimon | E38: Bc. | F38: IS 2 | G38: 43262 | H38: 7p-IS-SI | I38: Benešová | J38: Marták | K38: Vplyv vysoko-úrovňových faktorov na ľudskú vizuálnu pozornosť | L38: Ing. Patrik Polatsek | M38: doc. Ing. Vanda Benešová, PhD. | N38: A | O38: A | P38: 1.77 | Q38: 1.68 | U38: =IF(OR(V38<>"",Y38<>"",AB38<>""),"Navrh","") | Y38: =IF(Q38<>"",IF(Q38<=1.2,IF(O38="A","CR",IF(V38<>"",IF(Parametre_2018!N$4=1,IF(LEFT(V38,1)="1",IF(V38<>"",IF(Parametre_2018!O$4<>"",IF(N38<=Parametre_2018!O$4,IF(V38<>"",IF(Parametre_2018!P$4<>"",IF(O38<=Parametre_2018!P$4,"PLD",""),"PLD"),""),""),IF(V38<>"",IF(Parametre_2018!P$4<>"",IF(O38<=Parametre_2018!P$4,"PLD",""),"PLD"),"")),""),""),IF(V38<>"",IF(Parametre_2018!O$4<>"",IF(N38<=Parametre_2018!O$4,IF(V38<>"",IF(Parametre_2018!P$4<>"",IF(O38<=Parametre_2018!P$4,"PLD",""),"PLD"),""),""),IF(V38<>"",IF(Parametre_2018!P$4<>"",IF(O38<=Parametre_2018!P$4,"PLD",""),"PLD"),"")),"")),"")),IF(V38<>"",IF(Parametre_2018!N$4=1,IF(LEFT(V38,1)="1",IF(V38<>"",IF(Parametre_2018!O$4<>"",IF(N38<=Parametre_2018!O$4,IF(V38<>"",IF(Parametre_2018!P$4<>"",IF(O38<=Parametre_2018!P$4,"PLD",""),"PLD"),""),""),IF(V38<>"",IF(Parametre_2018!P$4<>"",IF(O38<=Parametre_2018!P$4,"PLD",""),"PLD"),"")),""),""),IF(V38<>"",IF(Parametre_2018!O$4<>"",IF(N38<=Parametre_2018!O$4,IF(V38<>"",IF(Parametre_2018!P$4<>"",IF(O38<=Parametre_2018!P$4,"PLD",""),"PLD"),""),""),IF(V38<>"",IF(Parametre_2018!P$4<>"",IF(O38<=Parametre_2018!P$4,"PLD",""),"PLD"),"")),"")),"")),"") | AB38: =IF(Q38<>"",IF(Q38<=Parametre_2018!B$4,IF(Parametre_2018!C$4<>"",IF(N38<=Parametre_2018!C$4,IF(Parametre_2018!D$4<>"",IF(O38<=Parametre_2018!D$4,"MCL",IF(Parametre_2018!I$4<>"",IF(N38<=Parametre_2018!I$4,IF(Parametre_2018!J$4<>"",IF(O38<=Parametre_2018!J$4,"CL",""),"CL"),""),IF(Parametre_2018!J$4<>"",IF(O38<=Parametre_2018!J$4,"CL",""),"CL"))),"MCL"),IF(Parametre_2018!I$4<>"",IF(N38<=Parametre_2018!I$4,IF(Parametre_2018!J$4<>"",IF(O38<=Parametre_2018!J$4,"CL",""),"CL"),""),IF(Parametre_2018!J$4<>"",IF(O38<=Parametre_2018!J$4,"CL",""),"CL"))),IF(Parametre_2018!D$4<>"",IF(O38<=Parametre_2018!D$4,"MCL",IF(Parametre_2018!I$4<>"",IF(N38<=Parametre_2018!I$4,IF(Parametre_2018!J$4<>"",IF(O38<=Parametre_2018!J$4,"CL",""),"CL"),""),IF(Parametre_2018!J$4<>"",IF(O38<=Parametre_2018!J$4,"CL",""),"CL"))),"MCL")),IF(Q38<>"",IF(AND(Q38>Parametre_2018!B$4,Q38<=Parametre_2018!H$4),IF(Parametre_2018!I$4<>"",IF(N38<=Parametre_2018!I$4,IF(Parametre_2018!J$4<>"",IF(O38<=Parametre_2018!J$4,"CL",""),"CL"),""),IF(Parametre_2018!J$4<>"",IF(O38<=Parametre_2018!J$4,"CL",""),"CL")),""),"")),"")
A39: 30 | B39: A | C39: Flamík | D39: Juraj | E39: Bc. | F39: IS 2 | G39: 43262 | H39: 1p-IS | I39: Bieliková | J39: Pecár | K39: Rozpoznávanie podobností správania používateľov v prúde dát | L39: Ing. Ondrej Kaššák, PhD. | M39: Ing. Ivan Srba, PhD. | N39: C | O39: C | P39: 1.64 | Q39: 1.69 | U39: =IF(OR(V39<>"",Y39<>"",AB39<>""),"Navrh","") | Y39: =IF(Q39<>"",IF(Q39<=1.2,IF(O39="A","CR",IF(V39<>"",IF(Parametre_2018!N$4=1,IF(LEFT(V39,1)="1",IF(V39<>"",IF(Parametre_2018!O$4<>"",IF(N39<=Parametre_2018!O$4,IF(V39<>"",IF(Parametre_2018!P$4<>"",IF(O39<=Parametre_2018!P$4,"PLD",""),"PLD"),""),""),IF(V39<>"",IF(Parametre_2018!P$4<>"",IF(O39<=Parametre_2018!P$4,"PLD",""),"PLD"),"")),""),""),IF(V39<>"",IF(Parametre_2018!O$4<>"",IF(N39<=Parametre_2018!O$4,IF(V39<>"",IF(Parametre_2018!P$4<>"",IF(O39<=Parametre_2018!P$4,"PLD",""),"PLD"),""),""),IF(V39<>"",IF(Parametre_2018!P$4<>"",IF(O39<=Parametre_2018!P$4,"PLD",""),"PLD"),"")),"")),"")),IF(V39<>"",IF(Parametre_2018!N$4=1,IF(LEFT(V39,1)="1",IF(V39<>"",IF(Parametre_2018!O$4<>"",IF(N39<=Parametre_2018!O$4,IF(V39<>"",IF(Parametre_2018!P$4<>"",IF(O39<=Parametre_2018!P$4,"PLD",""),"PLD"),""),""),IF(V39<>"",IF(Parametre_2018!P$4<>"",IF(O39<=Parametre_2018!P$4,"PLD",""),"PLD"),"")),""),""),IF(V39<>"",IF(Parametre_2018!O$4<>"",IF(N39<=Parametre_2018!O$4,IF(V39<>"",IF(Parametre_2018!P$4<>"",IF(O39<=Parametre_2018!P$4,"PLD",""),"PLD"),""),""),IF(V39<>"",IF(Parametre_2018!P$4<>"",IF(O39<=Parametre_2018!P$4,"PLD",""),"PLD"),"")),"")),"")),"") | AB39: =IF(Q39<>"",IF(Q39<=Parametre_2018!B$4,IF(Parametre_2018!C$4<>"",IF(N39<=Parametre_2018!C$4,IF(Parametre_2018!D$4<>"",IF(O39<=Parametre_2018!D$4,"MCL",IF(Parametre_2018!I$4<>"",IF(N39<=Parametre_2018!I$4,IF(Parametre_2018!J$4<>"",IF(O39<=Parametre_2018!J$4,"CL",""),"CL"),""),IF(Parametre_2018!J$4<>"",IF(O39<=Parametre_2018!J$4,"CL",""),"CL"))),"MCL"),IF(Parametre_2018!I$4<>"",IF(N39<=Parametre_2018!I$4,IF(Parametre_2018!J$4<>"",IF(O39<=Parametre_2018!J$4,"CL",""),"CL"),""),IF(Parametre_2018!J$4<>"",IF(O39<=Parametre_2018!J$4,"CL",""),"CL"))),IF(Parametre_2018!D$4<>"",IF(O39<=Parametre_2018!D$4,"MCL",IF(Parametre_2018!I$4<>"",IF(N39<=Parametre_2018!I$4,IF(Parametre_2018!J$4<>"",IF(O39<=Parametre_2018!J$4,"CL",""),"CL"),""),IF(Parametre_2018!J$4<>"",IF(O39<=Parametre_2018!J$4,"CL",""),"CL"))),"MCL")),IF(Q39<>"",IF(AND(Q39>Parametre_2018!B$4,Q39<=Parametre_2018!H$4),IF(Parametre_2018!I$4<>"",IF(N39<=Parametre_2018!I$4,IF(Parametre_2018!J$4<>"",IF(O39<=Parametre_2018!J$4,"CL",""),"CL"),""),IF(Parametre_2018!J$4<>"",IF(O39<=Parametre_2018!J$4,"CL",""),"CL")),""),"")),"")
A40: 41 | B40: A | C40: Hamacek | D40: Lukáš | E40: Bc. | F40: SI 2 | G40: 43263 | H40: 2u-SI | I40: Návrat | J40: Vincúr | K40: Automatizované refaktorovanie softvérových systémov | L40: doc. Ing. Ivan Polášek, PhD. | M40: Ing. Karol Rástočný, PhD. | N40: C | O40: C | P40: 1.64 | Q40: 1.7 | U40: =IF(OR(V40<>"",Y40<>"",AB40<>""),"Navrh","") | Y40: =IF(Q40<>"",IF(Q40<=1.2,IF(O40="A","CR",IF(V40<>"",IF(Parametre_2018!N$4=1,IF(LEFT(V40,1)="1",IF(V40<>"",IF(Parametre_2018!O$4<>"",IF(N40<=Parametre_2018!O$4,IF(V40<>"",IF(Parametre_2018!P$4<>"",IF(O40<=Parametre_2018!P$4,"PLD",""),"PLD"),""),""),IF(V40<>"",IF(Parametre_2018!P$4<>"",IF(O40<=Parametre_2018!P$4,"PLD",""),"PLD"),"")),""),""),IF(V40<>"",IF(Parametre_2018!O$4<>"",IF(N40<=Parametre_2018!O$4,IF(V40<>"",IF(Parametre_2018!P$4<>"",IF(O40<=Parametre_2018!P$4,"PLD",""),"PLD"),""),""),IF(V40<>"",IF(Parametre_2018!P$4<>"",IF(O40<=Parametre_2018!P$4,"PLD",""),"PLD"),"")),"")),"")),IF(V40<>"",IF(Parametre_2018!N$4=1,IF(LEFT(V40,1)="1",IF(V40<>"",IF(Parametre_2018!O$4<>"",IF(N40<=Parametre_2018!O$4,IF(V40<>"",IF(Parametre_2018!P$4<>"",IF(O40<=Parametre_2018!P$4,"PLD",""),"PLD"),""),""),IF(V40<>"",IF(Parametre_2018!P$4<>"",IF(O40<=Parametre_2018!P$4,"PLD",""),"PLD"),"")),""),""),IF(V40<>"",IF(Parametre_2018!O$4<>"",IF(N40<=Parametre_2018!O$4,IF(V40<>"",IF(Parametre_2018!P$4<>"",IF(O40<=Parametre_2018!P$4,"PLD",""),"PLD"),""),""),IF(V40<>"",IF(Parametre_2018!P$4<>"",IF(O40<=Parametre_2018!P$4,"PLD",""),"PLD"),"")),"")),"")),"") | AB40: =IF(Q40<>"",IF(Q40<=Parametre_2018!B$4,IF(Parametre_2018!C$4<>"",IF(N40<=Parametre_2018!C$4,IF(Parametre_2018!D$4<>"",IF(O40<=Parametre_2018!D$4,"MCL",IF(Parametre_2018!I$4<>"",IF(N40<=Parametre_2018!I$4,IF(Parametre_2018!J$4<>"",IF(O40<=Parametre_2018!J$4,"CL",""),"CL"),""),IF(Parametre_2018!J$4<>"",IF(O40<=Parametre_2018!J$4,"CL",""),"CL"))),"MCL"),IF(Parametre_2018!I$4<>"",IF(N40<=Parametre_2018!I$4,IF(Parametre_2018!J$4<>"",IF(O40<=Parametre_2018!J$4,"CL",""),"CL"),""),IF(Parametre_2018!J$4<>"",IF(O40<=Parametre_2018!J$4,"CL",""),"CL"))),IF(Parametre_2018!D$4<>"",IF(O40<=Parametre_2018!D$4,"MCL",IF(Parametre_2018!I$4<>"",IF(N40<=Parametre_2018!I$4,IF(Parametre_2018!J$4<>"",IF(O40<=Parametre_2018!J$4,"CL",""),"CL"),""),IF(Parametre_2018!J$4<>"",IF(O40<=Parametre_2018!J$4,"CL",""),"CL"))),"MCL")),IF(Q40<>"",IF(AND(Q40>Parametre_2018!B$4,Q40<=Parametre_2018!H$4),IF(Parametre_2018!I$4<>"",IF(N40<=Parametre_2018!I$4,IF(Parametre_2018!J$4<>"",IF(O40<=Parametre_2018!J$4,"CL",""),"CL"),""),IF(Parametre_2018!J$4<>"",IF(O40<=Parametre_2018!J$4,"CL",""),"CL")),""),"")),"")
A41: 32 | B41: A | C41: Gajdošík | D41: Patrik | E41: Bc. | F41: IS 2 | G41: 43263 | H41: 7u-IS-SI | I41: Benešová | J41: Hudec | K41: Sledovanie pohľadu používateľa použitím metód hlbokého učenia | L41: doc. Ing. Vanda Benešová, PhD. | M41: doc. Ing. Peter Lacko, PhD. | N41: B | O41: A | P41: 1.86 | Q41: 1.73 | S41: A | U41: =IF(OR(V41<>"",Y41<>"",AB41<>""),"Navrh","") | X41: A | Y41: =IF(Q41<>"",IF(Q41<=1.2,IF(O41="A","CR",IF(V41<>"",IF(Parametre_2018!N$4=1,IF(LEFT(V41,1)="1",IF(V41<>"",IF(Parametre_2018!O$4<>"",IF(N41<=Parametre_2018!O$4,IF(V41<>"",IF(Parametre_2018!P$4<>"",IF(O41<=Parametre_2018!P$4,"PLD",""),"PLD"),""),""),IF(V41<>"",IF(Parametre_2018!P$4<>"",IF(O41<=Parametre_2018!P$4,"PLD",""),"PLD"),"")),""),""),IF(V41<>"",IF(Parametre_2018!O$4<>"",IF(N41<=Parametre_2018!O$4,IF(V41<>"",IF(Parametre_2018!P$4<>"",IF(O41<=Parametre_2018!P$4,"PLD",""),"PLD"),""),""),IF(V41<>"",IF(Parametre_2018!P$4<>"",IF(O41<=Parametre_2018!P$4,"PLD",""),"PLD"),"")),"")),"")),IF(V41<>"",IF(Parametre_2018!N$4=1,IF(LEFT(V41,1)="1",IF(V41<>"",IF(Parametre_2018!O$4<>"",IF(N41<=Parametre_2018!O$4,IF(V41<>"",IF(Parametre_2018!P$4<>"",IF(O41<=Parametre_2018!P$4,"PLD",""),"PLD"),""),""),IF(V41<>"",IF(Parametre_2018!P$4<>"",IF(O41<=Parametre_2018!P$4,"PLD",""),"PLD"),"")),""),""),IF(V41<>"",IF(Parametre_2018!O$4<>"",IF(N41<=Parametre_2018!O$4,IF(V41<>"",IF(Parametre_2018!P$4<>"",IF(O41<=Parametre_2018!P$4,"PLD",""),"PLD"),""),""),IF(V41<>"",IF(Parametre_2018!P$4<>"",IF(O41<=Parametre_2018!P$4,"PLD",""),"PLD"),"")),"")),"")),"") | AB41: =IF(Q41<>"",IF(Q41<=Parametre_2018!B$4,IF(Parametre_2018!C$4<>"",IF(N41<=Parametre_2018!C$4,IF(Parametre_2018!D$4<>"",IF(O41<=Parametre_2018!D$4,"MCL",IF(Parametre_2018!I$4<>"",IF(N41<=Parametre_2018!I$4,IF(Parametre_2018!J$4<>"",IF(O41<=Parametre_2018!J$4,"CL",""),"CL"),""),IF(Parametre_2018!J$4<>"",IF(O41<=Parametre_2018!J$4,"CL",""),"CL"))),"MCL"),IF(Parametre_2018!I$4<>"",IF(N41<=Parametre_2018!I$4,IF(Parametre_2018!J$4<>"",IF(O41<=Parametre_2018!J$4,"CL",""),"CL"),""),IF(Parametre_2018!J$4<>"",IF(O41<=Parametre_2018!J$4,"CL",""),"CL"))),IF(Parametre_2018!D$4<>"",IF(O41<=Parametre_2018!D$4,"MCL",IF(Parametre_2018!I$4<>"",IF(N41<=Parametre_2018!I$4,IF(Parametre_2018!J$4<>"",IF(O41<=Parametre_2018!J$4,"CL",""),"CL"),""),IF(Parametre_2018!J$4<>"",IF(O41<=Parametre_2018!J$4,"CL",""),"CL"))),"MCL")),IF(Q41<>"",IF(AND(Q41>Parametre_2018!B$4,Q41<=Parametre_2018!H$4),IF(Parametre_2018!I$4<>"",IF(N41<=Parametre_2018!I$4,IF(Parametre_2018!J$4<>"",IF(O41<=Parametre_2018!J$4,"CL",""),"CL"),""),IF(Parametre_2018!J$4<>"",IF(O41<=Parametre_2018!J$4,"CL",""),"CL")),""),"")),"")
A42: 45 | B42: A | C42: Hunka | D42: Mário | E42: Bc. | F42: SI 2 | G42: 43262 | H42: 4p-IS-SI | I42: Rozinajová | J42: Gašpar | K42: Škálovateľné personalizované odporúčanie | L42: doc. Ing. Michal Kompan, PhD. | M42: Ing. Tomáš Kramár, PhD. | N42: B | O42: B | P42: 1.78 | Q42: 1.73 | U42: =IF(OR(V42<>"",Y42<>"",AB42<>""),"Navrh","") | Y42: =IF(Q42<>"",IF(Q42<=1.2,IF(O42="A","CR",IF(V42<>"",IF(Parametre_2018!N$4=1,IF(LEFT(V42,1)="1",IF(V42<>"",IF(Parametre_2018!O$4<>"",IF(N42<=Parametre_2018!O$4,IF(V42<>"",IF(Parametre_2018!P$4<>"",IF(O42<=Parametre_2018!P$4,"PLD",""),"PLD"),""),""),IF(V42<>"",IF(Parametre_2018!P$4<>"",IF(O42<=Parametre_2018!P$4,"PLD",""),"PLD"),"")),""),""),IF(V42<>"",IF(Parametre_2018!O$4<>"",IF(N42<=Parametre_2018!O$4,IF(V42<>"",IF(Parametre_2018!P$4<>"",IF(O42<=Parametre_2018!P$4,"PLD",""),"PLD"),""),""),IF(V42<>"",IF(Parametre_2018!P$4<>"",IF(O42<=Parametre_2018!P$4,"PLD",""),"PLD"),"")),"")),"")),IF(V42<>"",IF(Parametre_2018!N$4=1,IF(LEFT(V42,1)="1",IF(V42<>"",IF(Parametre_2018!O$4<>"",IF(N42<=Parametre_2018!O$4,IF(V42<>"",IF(Parametre_2018!P$4<>"",IF(O42<=Parametre_2018!P$4,"PLD",""),"PLD"),""),""),IF(V42<>"",IF(Parametre_2018!P$4<>"",IF(O42<=Parametre_2018!P$4,"PLD",""),"PLD"),"")),""),""),IF(V42<>"",IF(Parametre_2018!O$4<>"",IF(N42<=Parametre_2018!O$4,IF(V42<>"",IF(Parametre_2018!P$4<>"",IF(O42<=Parametre_2018!P$4,"PLD",""),"PLD"),""),""),IF(V42<>"",IF(Parametre_2018!P$4<>"",IF(O42<=Parametre_2018!P$4,"PLD",""),"PLD"),"")),"")),"")),"") | AB42: =IF(Q42<>"",IF(Q42<=Parametre_2018!B$4,IF(Parametre_2018!C$4<>"",IF(N42<=Parametre_2018!C$4,IF(Parametre_2018!D$4<>"",IF(O42<=Parametre_2018!D$4,"MCL",IF(Parametre_2018!I$4<>"",IF(N42<=Parametre_2018!I$4,IF(Parametre_2018!J$4<>"",IF(O42<=Parametre_2018!J$4,"CL",""),"CL"),""),IF(Parametre_2018!J$4<>"",IF(O42<=Parametre_2018!J$4,"CL",""),"CL"))),"MCL"),IF(Parametre_2018!I$4<>"",IF(N42<=Parametre_2018!I$4,IF(Parametre_2018!J$4<>"",IF(O42<=Parametre_2018!J$4,"CL",""),"CL"),""),IF(Parametre_2018!J$4<>"",IF(O42<=Parametre_2018!J$4,"CL",""),"CL"))),IF(Parametre_2018!D$4<>"",IF(O42<=Parametre_2018!D$4,"MCL",IF(Parametre_2018!I$4<>"",IF(N42<=Parametre_2018!I$4,IF(Parametre_2018!J$4<>"",IF(O42<=Parametre_2018!J$4,"CL",""),"CL"),""),IF(Parametre_2018!J$4<>"",IF(O42<=Parametre_2018!J$4,"CL",""),"CL"))),"MCL")),IF(Q42<>"",IF(AND(Q42>Parametre_2018!B$4,Q42<=Parametre_2018!H$4),IF(Parametre_2018!I$4<>"",IF(N42<=Parametre_2018!I$4,IF(Parametre_2018!J$4<>"",IF(O42<=Parametre_2018!J$4,"CL",""),"CL"),""),IF(Parametre_2018!J$4<>"",IF(O42<=Parametre_2018!J$4,"CL",""),"CL")),""),"")),"")
A43: 66 | B43: A | C43: Mastiľak | D43: Lukáš | E43: Bc. | F43: SI 2 | G43: 43263 | H43: 8u-IS-SI | I43: Kotuliak | J43: Doubravský | K43: Interoperabilita a kompatibilita v heterogénnom komunikačnom prostredí | L43: prof. Ing. Pavel Čičák, PhD. | M43: Dr. Ing. Michal Ries | N43: B | O43: A | P43: 1.9 | Q43: 1.73 | R43: D-AI | U43: =IF(OR(V43<>"",Y43<>"",AB43<>""),"Navrh","") | W43: A 2x | Y43: =IF(Q43<>"",IF(Q43<=1.2,IF(O43="A","CR",IF(V43<>"",IF(Parametre_2018!N$4=1,IF(LEFT(V43,1)="1",IF(V43<>"",IF(Parametre_2018!O$4<>"",IF(N43<=Parametre_2018!O$4,IF(V43<>"",IF(Parametre_2018!P$4<>"",IF(O43<=Parametre_2018!P$4,"PLD",""),"PLD"),""),""),IF(V43<>"",IF(Parametre_2018!P$4<>"",IF(O43<=Parametre_2018!P$4,"PLD",""),"PLD"),"")),""),""),IF(V43<>"",IF(Parametre_2018!O$4<>"",IF(N43<=Parametre_2018!O$4,IF(V43<>"",IF(Parametre_2018!P$4<>"",IF(O43<=Parametre_2018!P$4,"PLD",""),"PLD"),""),""),IF(V43<>"",IF(Parametre_2018!P$4<>"",IF(O43<=Parametre_2018!P$4,"PLD",""),"PLD"),"")),"")),"")),IF(V43<>"",IF(Parametre_2018!N$4=1,IF(LEFT(V43,1)="1",IF(V43<>"",IF(Parametre_2018!O$4<>"",IF(N43<=Parametre_2018!O$4,IF(V43<>"",IF(Parametre_2018!P$4<>"",IF(O43<=Parametre_2018!P$4,"PLD",""),"PLD"),""),""),IF(V43<>"",IF(Parametre_2018!P$4<>"",IF(O43<=Parametre_2018!P$4,"PLD",""),"PLD"),"")),""),""),IF(V43<>"",IF(Parametre_2018!O$4<>"",IF(N43<=Parametre_2018!O$4,IF(V43<>"",IF(Parametre_2018!P$4<>"",IF(O43<=Parametre_2018!P$4,"PLD",""),"PLD"),""),""),IF(V43<>"",IF(Parametre_2018!P$4<>"",IF(O43<=Parametre_2018!P$4,"PLD",""),"PLD"),"")),"")),"")),"") | AB43: =IF(Q43<>"",IF(Q43<=Parametre_2018!B$4,IF(Parametre_2018!C$4<>"",IF(N43<=Parametre_2018!C$4,IF(Parametre_2018!D$4<>"",IF(O43<=Parametre_2018!D$4,"MCL",IF(Parametre_2018!I$4<>"",IF(N43<=Parametre_2018!I$4,IF(Parametre_2018!J$4<>"",IF(O43<=Parametre_2018!J$4,"CL",""),"CL"),""),IF(Parametre_2018!J$4<>"",IF(O43<=Parametre_2018!J$4,"CL",""),"CL"))),"MCL"),IF(Parametre_2018!I$4<>"",IF(N43<=Parametre_2018!I$4,IF(Parametre_2018!J$4<>"",IF(O43<=Parametre_2018!J$4,"CL",""),"CL"),""),IF(Parametre_2018!J$4<>"",IF(O43<=Parametre_2018!J$4,"CL",""),"CL"))),IF(Parametre_2018!D$4<>"",IF(O43<=Parametre_2018!D$4,"MCL",IF(Parametre_2018!I$4<>"",IF(N43<=Parametre_2018!I$4,IF(Parametre_2018!J$4<>"",IF(O43<=Parametre_2018!J$4,"CL",""),"CL"),""),IF(Parametre_2018!J$4<>"",IF(O43<=Parametre_2018!J$4,"CL",""),"CL"))),"MCL")),IF(Q43<>"",IF(AND(Q43>Parametre_2018!B$4,Q43<=Parametre_2018!H$4),IF(Parametre_2018!I$4<>"",IF(N43<=Parametre_2018!I$4,IF(Parametre_2018!J$4<>"",IF(O43<=Parametre_2018!J$4,"CL",""),"CL"),""),IF(Parametre_2018!J$4<>"",IF(O43<=Parametre_2018!J$4,"CL",""),"CL")),""),"")),"")
A44: 12 | B44: A | C44: Bruchatý | D44: Marek | E44: Bc. | F44: SI 2 | G44: 43262 | H44: 5p-SI | I44: Vranič | J44: Jarábek | K44: Regresné testovanie s použitím selekcie a prioritizácie testov | L44: Ing. Karol Rástočný, PhD. | M44: Ing. Juraj Vincúr | N44: B | O44: B | P44: 1.8 | Q44: 1.75 | S44: A | U44: =IF(OR(V44<>"",Y44<>"",AB44<>""),"Navrh","") | X44: A | Y44: =IF(Q44<>"",IF(Q44<=1.2,IF(O44="A","CR",IF(V44<>"",IF(Parametre_2018!N$4=1,IF(LEFT(V44,1)="1",IF(V44<>"",IF(Parametre_2018!O$4<>"",IF(N44<=Parametre_2018!O$4,IF(V44<>"",IF(Parametre_2018!P$4<>"",IF(O44<=Parametre_2018!P$4,"PLD",""),"PLD"),""),""),IF(V44<>"",IF(Parametre_2018!P$4<>"",IF(O44<=Parametre_2018!P$4,"PLD",""),"PLD"),"")),""),""),IF(V44<>"",IF(Parametre_2018!O$4<>"",IF(N44<=Parametre_2018!O$4,IF(V44<>"",IF(Parametre_2018!P$4<>"",IF(O44<=Parametre_2018!P$4,"PLD",""),"PLD"),""),""),IF(V44<>"",IF(Parametre_2018!P$4<>"",IF(O44<=Parametre_2018!P$4,"PLD",""),"PLD"),"")),"")),"")),IF(V44<>"",IF(Parametre_2018!N$4=1,IF(LEFT(V44,1)="1",IF(V44<>"",IF(Parametre_2018!O$4<>"",IF(N44<=Parametre_2018!O$4,IF(V44<>"",IF(Parametre_2018!P$4<>"",IF(O44<=Parametre_2018!P$4,"PLD",""),"PLD"),""),""),IF(V44<>"",IF(Parametre_2018!P$4<>"",IF(O44<=Parametre_2018!P$4,"PLD",""),"PLD"),"")),""),""),IF(V44<>"",IF(Parametre_2018!O$4<>"",IF(N44<=Parametre_2018!O$4,IF(V44<>"",IF(Parametre_2018!P$4<>"",IF(O44<=Parametre_2018!P$4,"PLD",""),"PLD"),""),""),IF(V44<>"",IF(Parametre_2018!P$4<>"",IF(O44<=Parametre_2018!P$4,"PLD",""),"PLD"),"")),"")),"")),"") | AB44: =IF(Q44<>"",IF(Q44<=Parametre_2018!B$4,IF(Parametre_2018!C$4<>"",IF(N44<=Parametre_2018!C$4,IF(Parametre_2018!D$4<>"",IF(O44<=Parametre_2018!D$4,"MCL",IF(Parametre_2018!I$4<>"",IF(N44<=Parametre_2018!I$4,IF(Parametre_2018!J$4<>"",IF(O44<=Parametre_2018!J$4,"CL",""),"CL"),""),IF(Parametre_2018!J$4<>"",IF(O44<=Parametre_2018!J$4,"CL",""),"CL"))),"MCL"),IF(Parametre_2018!I$4<>"",IF(N44<=Parametre_2018!I$4,IF(Parametre_2018!J$4<>"",IF(O44<=Parametre_2018!J$4,"CL",""),"CL"),""),IF(Parametre_2018!J$4<>"",IF(O44<=Parametre_2018!J$4,"CL",""),"CL"))),IF(Parametre_2018!D$4<>"",IF(O44<=Parametre_2018!D$4,"MCL",IF(Parametre_2018!I$4<>"",IF(N44<=Parametre_2018!I$4,IF(Parametre_2018!J$4<>"",IF(O44<=Parametre_2018!J$4,"CL",""),"CL"),""),IF(Parametre_2018!J$4<>"",IF(O44<=Parametre_2018!J$4,"CL",""),"CL"))),"MCL")),IF(Q44<>"",IF(AND(Q44>Parametre_2018!B$4,Q44<=Parametre_2018!H$4),IF(Parametre_2018!I$4<>"",IF(N44<=Parametre_2018!I$4,IF(Parametre_2018!J$4<>"",IF(O44<=Parametre_2018!J$4,"CL",""),"CL"),""),IF(Parametre_2018!J$4<>"",IF(O44<=Parametre_2018!J$4,"CL",""),"CL")),""),"")),"")
A45: 20 | B45: A | C45: Červenka | D45: Matej | E45: Bc. | F45: IS 2 | G45: 43262 | H45: 1p-IS | I45: Bieliková | J45: Pecár | K45: Analýza vzorov pohybov očí v závislosti od úlohy vo webovom prostredí | L45: Mgr. Jozef Tvarožek, PhD. | M45: Ing. Jakub Šimko, PhD. | N45: B | O45: B | P45: 1.77 | Q45: 1.75 | U45: =IF(OR(V45<>"",Y45<>"",AB45<>""),"Navrh","") | X45: A | Y45: =IF(Q45<>"",IF(Q45<=1.2,IF(O45="A","CR",IF(V45<>"",IF(Parametre_2018!N$4=1,IF(LEFT(V45,1)="1",IF(V45<>"",IF(Parametre_2018!O$4<>"",IF(N45<=Parametre_2018!O$4,IF(V45<>"",IF(Parametre_2018!P$4<>"",IF(O45<=Parametre_2018!P$4,"PLD",""),"PLD"),""),""),IF(V45<>"",IF(Parametre_2018!P$4<>"",IF(O45<=Parametre_2018!P$4,"PLD",""),"PLD"),"")),""),""),IF(V45<>"",IF(Parametre_2018!O$4<>"",IF(N45<=Parametre_2018!O$4,IF(V45<>"",IF(Parametre_2018!P$4<>"",IF(O45<=Parametre_2018!P$4,"PLD",""),"PLD"),""),""),IF(V45<>"",IF(Parametre_2018!P$4<>"",IF(O45<=Parametre_2018!P$4,"PLD",""),"PLD"),"")),"")),"")),IF(V45<>"",IF(Parametre_2018!N$4=1,IF(LEFT(V45,1)="1",IF(V45<>"",IF(Parametre_2018!O$4<>"",IF(N45<=Parametre_2018!O$4,IF(V45<>"",IF(Parametre_2018!P$4<>"",IF(O45<=Parametre_2018!P$4,"PLD",""),"PLD"),""),""),IF(V45<>"",IF(Parametre_2018!P$4<>"",IF(O45<=Parametre_2018!P$4,"PLD",""),"PLD"),"")),""),""),IF(V45<>"",IF(Parametre_2018!O$4<>"",IF(N45<=Parametre_2018!O$4,IF(V45<>"",IF(Parametre_2018!P$4<>"",IF(O45<=Parametre_2018!P$4,"PLD",""),"PLD"),""),""),IF(V45<>"",IF(Parametre_2018!P$4<>"",IF(O45<=Parametre_2018!P$4,"PLD",""),"PLD"),"")),"")),"")),"") | AB45: =IF(Q45<>"",IF(Q45<=Parametre_2018!B$4,IF(Parametre_2018!C$4<>"",IF(N45<=Parametre_2018!C$4,IF(Parametre_2018!D$4<>"",IF(O45<=Parametre_2018!D$4,"MCL",IF(Parametre_2018!I$4<>"",IF(N45<=Parametre_2018!I$4,IF(Parametre_2018!J$4<>"",IF(O45<=Parametre_2018!J$4,"CL",""),"CL"),""),IF(Parametre_2018!J$4<>"",IF(O45<=Parametre_2018!J$4,"CL",""),"CL"))),"MCL"),IF(Parametre_2018!I$4<>"",IF(N45<=Parametre_2018!I$4,IF(Parametre_2018!J$4<>"",IF(O45<=Parametre_2018!J$4,"CL",""),"CL"),""),IF(Parametre_2018!J$4<>"",IF(O45<=Parametre_2018!J$4,"CL",""),"CL"))),IF(Parametre_2018!D$4<>"",IF(O45<=Parametre_2018!D$4,"MCL",IF(Parametre_2018!I$4<>"",IF(N45<=Parametre_2018!I$4,IF(Parametre_2018!J$4<>"",IF(O45<=Parametre_2018!J$4,"CL",""),"CL"),""),IF(Parametre_2018!J$4<>"",IF(O45<=Parametre_2018!J$4,"CL",""),"CL"))),"MCL")),IF(Q45<>"",IF(AND(Q45>Parametre_2018!B$4,Q45<=Parametre_2018!H$4),IF(Parametre_2018!I$4<>"",IF(N45<=Parametre_2018!I$4,IF(Parametre_2018!J$4<>"",IF(O45<=Parametre_2018!J$4,"CL",""),"CL"),""),IF(Parametre_2018!J$4<>"",IF(O45<=Parametre_2018!J$4,"CL",""),"CL")),""),"")),"")
A46: 75 | B46: A | C46: Neupauer | D46: Adam | E46: Bc. | F46: SI 2 | G46: 43262 | H46: 5p-SI | I46: Vranič | J46: Jarábek | K46: Viacrozmerný prepájací model softvéru | L46: doc. Ing. Valentino Vranić, PhD. | M46: doc. Ing. Ivan Polášek, PhD. | N46: C | O46: B | P46: 1.79 | Q46: 1.75 | U46: =IF(OR(V46<>"",Y46<>"",AB46<>""),"Navrh","") | Y46: =IF(Q46<>"",IF(Q46<=1.2,IF(O46="A","CR",IF(V46<>"",IF(Parametre_2018!N$4=1,IF(LEFT(V46,1)="1",IF(V46<>"",IF(Parametre_2018!O$4<>"",IF(N46<=Parametre_2018!O$4,IF(V46<>"",IF(Parametre_2018!P$4<>"",IF(O46<=Parametre_2018!P$4,"PLD",""),"PLD"),""),""),IF(V46<>"",IF(Parametre_2018!P$4<>"",IF(O46<=Parametre_2018!P$4,"PLD",""),"PLD"),"")),""),""),IF(V46<>"",IF(Parametre_2018!O$4<>"",IF(N46<=Parametre_2018!O$4,IF(V46<>"",IF(Parametre_2018!P$4<>"",IF(O46<=Parametre_2018!P$4,"PLD",""),"PLD"),""),""),IF(V46<>"",IF(Parametre_2018!P$4<>"",IF(O46<=Parametre_2018!P$4,"PLD",""),"PLD"),"")),"")),"")),IF(V46<>"",IF(Parametre_2018!N$4=1,IF(LEFT(V46,1)="1",IF(V46<>"",IF(Parametre_2018!O$4<>"",IF(N46<=Parametre_2018!O$4,IF(V46<>"",IF(Parametre_2018!P$4<>"",IF(O46<=Parametre_2018!P$4,"PLD",""),"PLD"),""),""),IF(V46<>"",IF(Parametre_2018!P$4<>"",IF(O46<=Parametre_2018!P$4,"PLD",""),"PLD"),"")),""),""),IF(V46<>"",IF(Parametre_2018!O$4<>"",IF(N46<=Parametre_2018!O$4,IF(V46<>"",IF(Parametre_2018!P$4<>"",IF(O46<=Parametre_2018!P$4,"PLD",""),"PLD"),""),""),IF(V46<>"",IF(Parametre_2018!P$4<>"",IF(O46<=Parametre_2018!P$4,"PLD",""),"PLD"),"")),"")),"")),"") | AB46: =IF(Q46<>"",IF(Q46<=Parametre_2018!B$4,IF(Parametre_2018!C$4<>"",IF(N46<=Parametre_2018!C$4,IF(Parametre_2018!D$4<>"",IF(O46<=Parametre_2018!D$4,"MCL",IF(Parametre_2018!I$4<>"",IF(N46<=Parametre_2018!I$4,IF(Parametre_2018!J$4<>"",IF(O46<=Parametre_2018!J$4,"CL",""),"CL"),""),IF(Parametre_2018!J$4<>"",IF(O46<=Parametre_2018!J$4,"CL",""),"CL"))),"MCL"),IF(Parametre_2018!I$4<>"",IF(N46<=Parametre_2018!I$4,IF(Parametre_2018!J$4<>"",IF(O46<=Parametre_2018!J$4,"CL",""),"CL"),""),IF(Parametre_2018!J$4<>"",IF(O46<=Parametre_2018!J$4,"CL",""),"CL"))),IF(Parametre_2018!D$4<>"",IF(O46<=Parametre_2018!D$4,"MCL",IF(Parametre_2018!I$4<>"",IF(N46<=Parametre_2018!I$4,IF(Parametre_2018!J$4<>"",IF(O46<=Parametre_2018!J$4,"CL",""),"CL"),""),IF(Parametre_2018!J$4<>"",IF(O46<=Parametre_2018!J$4,"CL",""),"CL"))),"MCL")),IF(Q46<>"",IF(AND(Q46>Parametre_2018!B$4,Q46<=Parametre_2018!H$4),IF(Parametre_2018!I$4<>"",IF(N46<=Parametre_2018!I$4,IF(Parametre_2018!J$4<>"",IF(O46<=Parametre_2018!J$4,"CL",""),"CL"),""),IF(Parametre_2018!J$4<>"",IF(O46<=Parametre_2018!J$4,"CL",""),"CL")),""),"")),"")
A47: 21 | B47: A | C47: Čičkán | D47: Ondrej | E47: Bc. | F47: SI 2 | G47: 43263 | H47: 5u-IS | I47: Šimko | J47: Pikuliak | K47: Klasifikácia komentárov v komunitách odpovedajúcich na otázky | L47: doc. Ing. Marián Šimko, PhD. | M47: Ing. Jakub Ševcech, PhD. | N47: C | O47: C | P47: 1.66 | Q47: 1.76 | U47: =IF(OR(V47<>"",Y47<>"",AB47<>""),"Navrh","") | Y47: =IF(Q47<>"",IF(Q47<=1.2,IF(O47="A","CR",IF(V47<>"",IF(Parametre_2018!N$4=1,IF(LEFT(V47,1)="1",IF(V47<>"",IF(Parametre_2018!O$4<>"",IF(N47<=Parametre_2018!O$4,IF(V47<>"",IF(Parametre_2018!P$4<>"",IF(O47<=Parametre_2018!P$4,"PLD",""),"PLD"),""),""),IF(V47<>"",IF(Parametre_2018!P$4<>"",IF(O47<=Parametre_2018!P$4,"PLD",""),"PLD"),"")),""),""),IF(V47<>"",IF(Parametre_2018!O$4<>"",IF(N47<=Parametre_2018!O$4,IF(V47<>"",IF(Parametre_2018!P$4<>"",IF(O47<=Parametre_2018!P$4,"PLD",""),"PLD"),""),""),IF(V47<>"",IF(Parametre_2018!P$4<>"",IF(O47<=Parametre_2018!P$4,"PLD",""),"PLD"),"")),"")),"")),IF(V47<>"",IF(Parametre_2018!N$4=1,IF(LEFT(V47,1)="1",IF(V47<>"",IF(Parametre_2018!O$4<>"",IF(N47<=Parametre_2018!O$4,IF(V47<>"",IF(Parametre_2018!P$4<>"",IF(O47<=Parametre_2018!P$4,"PLD",""),"PLD"),""),""),IF(V47<>"",IF(Parametre_2018!P$4<>"",IF(O47<=Parametre_2018!P$4,"PLD",""),"PLD"),"")),""),""),IF(V47<>"",IF(Parametre_2018!O$4<>"",IF(N47<=Parametre_2018!O$4,IF(V47<>"",IF(Parametre_2018!P$4<>"",IF(O47<=Parametre_2018!P$4,"PLD",""),"PLD"),""),""),IF(V47<>"",IF(Parametre_2018!P$4<>"",IF(O47<=Parametre_2018!P$4,"PLD",""),"PLD"),"")),"")),"")),"") | AB47: =IF(Q47<>"",IF(Q47<=Parametre_2018!B$4,IF(Parametre_2018!C$4<>"",IF(N47<=Parametre_2018!C$4,IF(Parametre_2018!D$4<>"",IF(O47<=Parametre_2018!D$4,"MCL",IF(Parametre_2018!I$4<>"",IF(N47<=Parametre_2018!I$4,IF(Parametre_2018!J$4<>"",IF(O47<=Parametre_2018!J$4,"CL",""),"CL"),""),IF(Parametre_2018!J$4<>"",IF(O47<=Parametre_2018!J$4,"CL",""),"CL"))),"MCL"),IF(Parametre_2018!I$4<>"",IF(N47<=Parametre_2018!I$4,IF(Parametre_2018!J$4<>"",IF(O47<=Parametre_2018!J$4,"CL",""),"CL"),""),IF(Parametre_2018!J$4<>"",IF(O47<=Parametre_2018!J$4,"CL",""),"CL"))),IF(Parametre_2018!D$4<>"",IF(O47<=Parametre_2018!D$4,"MCL",IF(Parametre_2018!I$4<>"",IF(N47<=Parametre_2018!I$4,IF(Parametre_2018!J$4<>"",IF(O47<=Parametre_2018!J$4,"CL",""),"CL"),""),IF(Parametre_2018!J$4<>"",IF(O47<=Parametre_2018!J$4,"CL",""),"CL"))),"MCL")),IF(Q47<>"",IF(AND(Q47>Parametre_2018!B$4,Q47<=Parametre_2018!H$4),IF(Parametre_2018!I$4<>"",IF(N47<=Parametre_2018!I$4,IF(Parametre_2018!J$4<>"",IF(O47<=Parametre_2018!J$4,"CL",""),"CL"),""),IF(Parametre_2018!J$4<>"",IF(O47<=Parametre_2018!J$4,"CL",""),"CL")),""),"")),"")
A48: 50 | B48: A | C48: Kalužník | D48: Martin | E48: Bc. | F48: SI 2 | G48: 43262 | H48: 6p-IS-SI | I48: Chudá | J48: Petrík | K48: Analýza škodlivého softvéru pomocou metód kontroly toku programu | L48: doc. Ing. Tibor Krajčovič, PhD. | M48: Ing. Ján Hudec, PhD. | N48: A | O48: A | P48: 1.83 | Q48: 1.76 | U48: =IF(OR(V48<>"",Y48<>"",AB48<>""),"Navrh","") | Y48: =IF(Q48<>"",IF(Q48<=1.2,IF(O48="A","CR",IF(V48<>"",IF(Parametre_2018!N$4=1,IF(LEFT(V48,1)="1",IF(V48<>"",IF(Parametre_2018!O$4<>"",IF(N48<=Parametre_2018!O$4,IF(V48<>"",IF(Parametre_2018!P$4<>"",IF(O48<=Parametre_2018!P$4,"PLD",""),"PLD"),""),""),IF(V48<>"",IF(Parametre_2018!P$4<>"",IF(O48<=Parametre_2018!P$4,"PLD",""),"PLD"),"")),""),""),IF(V48<>"",IF(Parametre_2018!O$4<>"",IF(N48<=Parametre_2018!O$4,IF(V48<>"",IF(Parametre_2018!P$4<>"",IF(O48<=Parametre_2018!P$4,"PLD",""),"PLD"),""),""),IF(V48<>"",IF(Parametre_2018!P$4<>"",IF(O48<=Parametre_2018!P$4,"PLD",""),"PLD"),"")),"")),"")),IF(V48<>"",IF(Parametre_2018!N$4=1,IF(LEFT(V48,1)="1",IF(V48<>"",IF(Parametre_2018!O$4<>"",IF(N48<=Parametre_2018!O$4,IF(V48<>"",IF(Parametre_2018!P$4<>"",IF(O48<=Parametre_2018!P$4,"PLD",""),"PLD"),""),""),IF(V48<>"",IF(Parametre_2018!P$4<>"",IF(O48<=Parametre_2018!P$4,"PLD",""),"PLD"),"")),""),""),IF(V48<>"",IF(Parametre_2018!O$4<>"",IF(N48<=Parametre_2018!O$4,IF(V48<>"",IF(Parametre_2018!P$4<>"",IF(O48<=Parametre_2018!P$4,"PLD",""),"PLD"),""),""),IF(V48<>"",IF(Parametre_2018!P$4<>"",IF(O48<=Parametre_2018!P$4,"PLD",""),"PLD"),"")),"")),"")),"") | AB48: =IF(Q48<>"",IF(Q48<=Parametre_2018!B$4,IF(Parametre_2018!C$4<>"",IF(N48<=Parametre_2018!C$4,IF(Parametre_2018!D$4<>"",IF(O48<=Parametre_2018!D$4,"MCL",IF(Parametre_2018!I$4<>"",IF(N48<=Parametre_2018!I$4,IF(Parametre_2018!J$4<>"",IF(O48<=Parametre_2018!J$4,"CL",""),"CL"),""),IF(Parametre_2018!J$4<>"",IF(O48<=Parametre_2018!J$4,"CL",""),"CL"))),"MCL"),IF(Parametre_2018!I$4<>"",IF(N48<=Parametre_2018!I$4,IF(Parametre_2018!J$4<>"",IF(O48<=Parametre_2018!J$4,"CL",""),"CL"),""),IF(Parametre_2018!J$4<>"",IF(O48<=Parametre_2018!J$4,"CL",""),"CL"))),IF(Parametre_2018!D$4<>"",IF(O48<=Parametre_2018!D$4,"MCL",IF(Parametre_2018!I$4<>"",IF(N48<=Parametre_2018!I$4,IF(Parametre_2018!J$4<>"",IF(O48<=Parametre_2018!J$4,"CL",""),"CL"),""),IF(Parametre_2018!J$4<>"",IF(O48<=Parametre_2018!J$4,"CL",""),"CL"))),"MCL")),IF(Q48<>"",IF(AND(Q48>Parametre_2018!B$4,Q48<=Parametre_2018!H$4),IF(Parametre_2018!I$4<>"",IF(N48<=Parametre_2018!I$4,IF(Parametre_2018!J$4<>"",IF(O48<=Parametre_2018!J$4,"CL",""),"CL"),""),IF(Parametre_2018!J$4<>"",IF(O48<=Parametre_2018!J$4,"CL",""),"CL")),""),"")),"")
A49: 64 | B49: A | C49: Liščák | D49: Tomáš | E49: Bc. | F49: IS 2 | G49: 43262 | H49: 2p-IS-SI | I49: Návrat | J49: Farkaš | K49: Viacvýznamovosť v sémantickom vyhľadávaní | L49: Ing. Nadežda Andrejčíková, PhD. | M49: Ing. Miroslav Blšták | N49: E | O49: E | P49: 1.57 | Q49: 1.76 | U49: =IF(OR(V49<>"",Y49<>"",AB49<>""),"Navrh","") | Y49: =IF(Q49<>"",IF(Q49<=1.2,IF(O49="A","CR",IF(V49<>"",IF(Parametre_2018!N$4=1,IF(LEFT(V49,1)="1",IF(V49<>"",IF(Parametre_2018!O$4<>"",IF(N49<=Parametre_2018!O$4,IF(V49<>"",IF(Parametre_2018!P$4<>"",IF(O49<=Parametre_2018!P$4,"PLD",""),"PLD"),""),""),IF(V49<>"",IF(Parametre_2018!P$4<>"",IF(O49<=Parametre_2018!P$4,"PLD",""),"PLD"),"")),""),""),IF(V49<>"",IF(Parametre_2018!O$4<>"",IF(N49<=Parametre_2018!O$4,IF(V49<>"",IF(Parametre_2018!P$4<>"",IF(O49<=Parametre_2018!P$4,"PLD",""),"PLD"),""),""),IF(V49<>"",IF(Parametre_2018!P$4<>"",IF(O49<=Parametre_2018!P$4,"PLD",""),"PLD"),"")),"")),"")),IF(V49<>"",IF(Parametre_2018!N$4=1,IF(LEFT(V49,1)="1",IF(V49<>"",IF(Parametre_2018!O$4<>"",IF(N49<=Parametre_2018!O$4,IF(V49<>"",IF(Parametre_2018!P$4<>"",IF(O49<=Parametre_2018!P$4,"PLD",""),"PLD"),""),""),IF(V49<>"",IF(Parametre_2018!P$4<>"",IF(O49<=Parametre_2018!P$4,"PLD",""),"PLD"),"")),""),""),IF(V49<>"",IF(Parametre_2018!O$4<>"",IF(N49<=Parametre_2018!O$4,IF(V49<>"",IF(Parametre_2018!P$4<>"",IF(O49<=Parametre_2018!P$4,"PLD",""),"PLD"),""),""),IF(V49<>"",IF(Parametre_2018!P$4<>"",IF(O49<=Parametre_2018!P$4,"PLD",""),"PLD"),"")),"")),"")),"") | AB49: =IF(Q49<>"",IF(Q49<=Parametre_2018!B$4,IF(Parametre_2018!C$4<>"",IF(N49<=Parametre_2018!C$4,IF(Parametre_2018!D$4<>"",IF(O49<=Parametre_2018!D$4,"MCL",IF(Parametre_2018!I$4<>"",IF(N49<=Parametre_2018!I$4,IF(Parametre_2018!J$4<>"",IF(O49<=Parametre_2018!J$4,"CL",""),"CL"),""),IF(Parametre_2018!J$4<>"",IF(O49<=Parametre_2018!J$4,"CL",""),"CL"))),"MCL"),IF(Parametre_2018!I$4<>"",IF(N49<=Parametre_2018!I$4,IF(Parametre_2018!J$4<>"",IF(O49<=Parametre_2018!J$4,"CL",""),"CL"),""),IF(Parametre_2018!J$4<>"",IF(O49<=Parametre_2018!J$4,"CL",""),"CL"))),IF(Parametre_2018!D$4<>"",IF(O49<=Parametre_2018!D$4,"MCL",IF(Parametre_2018!I$4<>"",IF(N49<=Parametre_2018!I$4,IF(Parametre_2018!J$4<>"",IF(O49<=Parametre_2018!J$4,"CL",""),"CL"),""),IF(Parametre_2018!J$4<>"",IF(O49<=Parametre_2018!J$4,"CL",""),"CL"))),"MCL")),IF(Q49<>"",IF(AND(Q49>Parametre_2018!B$4,Q49<=Parametre_2018!H$4),IF(Parametre_2018!I$4<>"",IF(N49<=Parametre_2018!I$4,IF(Parametre_2018!J$4<>"",IF(O49<=Parametre_2018!J$4,"CL",""),"CL"),""),IF(Parametre_2018!J$4<>"",IF(O49<=Parametre_2018!J$4,"CL",""),"CL")),""),"")),"")
A50: 29 | B50: A | C50: Findura | D50: Jakub | E50: Bc. | F50: SI 2 | G50: 43262 | H50: 8p-SI | I50: Kotuliak | J50: Košťál | K50: Vzdialená telemetria pre vozidlá s OBD-II rozhraním | L50: Ing. Ondrej Perešíni | M50: Ing. Peter Pištek, PhD. | N50: B | O50: B | P50: 1.82 | Q50: 1.78 | U50: =IF(OR(V50<>"",Y50<>"",AB50<>""),"Navrh","") | Y50: =IF(Q50<>"",IF(Q50<=1.2,IF(O50="A","CR",IF(V50<>"",IF(Parametre_2018!N$4=1,IF(LEFT(V50,1)="1",IF(V50<>"",IF(Parametre_2018!O$4<>"",IF(N50<=Parametre_2018!O$4,IF(V50<>"",IF(Parametre_2018!P$4<>"",IF(O50<=Parametre_2018!P$4,"PLD",""),"PLD"),""),""),IF(V50<>"",IF(Parametre_2018!P$4<>"",IF(O50<=Parametre_2018!P$4,"PLD",""),"PLD"),"")),""),""),IF(V50<>"",IF(Parametre_2018!O$4<>"",IF(N50<=Parametre_2018!O$4,IF(V50<>"",IF(Parametre_2018!P$4<>"",IF(O50<=Parametre_2018!P$4,"PLD",""),"PLD"),""),""),IF(V50<>"",IF(Parametre_2018!P$4<>"",IF(O50<=Parametre_2018!P$4,"PLD",""),"PLD"),"")),"")),"")),IF(V50<>"",IF(Parametre_2018!N$4=1,IF(LEFT(V50,1)="1",IF(V50<>"",IF(Parametre_2018!O$4<>"",IF(N50<=Parametre_2018!O$4,IF(V50<>"",IF(Parametre_2018!P$4<>"",IF(O50<=Parametre_2018!P$4,"PLD",""),"PLD"),""),""),IF(V50<>"",IF(Parametre_2018!P$4<>"",IF(O50<=Parametre_2018!P$4,"PLD",""),"PLD"),"")),""),""),IF(V50<>"",IF(Parametre_2018!O$4<>"",IF(N50<=Parametre_2018!O$4,IF(V50<>"",IF(Parametre_2018!P$4<>"",IF(O50<=Parametre_2018!P$4,"PLD",""),"PLD"),""),""),IF(V50<>"",IF(Parametre_2018!P$4<>"",IF(O50<=Parametre_2018!P$4,"PLD",""),"PLD"),"")),"")),"")),"") | AB50: =IF(Q50<>"",IF(Q50<=Parametre_2018!B$4,IF(Parametre_2018!C$4<>"",IF(N50<=Parametre_2018!C$4,IF(Parametre_2018!D$4<>"",IF(O50<=Parametre_2018!D$4,"MCL",IF(Parametre_2018!I$4<>"",IF(N50<=Parametre_2018!I$4,IF(Parametre_2018!J$4<>"",IF(O50<=Parametre_2018!J$4,"CL",""),"CL"),""),IF(Parametre_2018!J$4<>"",IF(O50<=Parametre_2018!J$4,"CL",""),"CL"))),"MCL"),IF(Parametre_2018!I$4<>"",IF(N50<=Parametre_2018!I$4,IF(Parametre_2018!J$4<>"",IF(O50<=Parametre_2018!J$4,"CL",""),"CL"),""),IF(Parametre_2018!J$4<>"",IF(O50<=Parametre_2018!J$4,"CL",""),"CL"))),IF(Parametre_2018!D$4<>"",IF(O50<=Parametre_2018!D$4,"MCL",IF(Parametre_2018!I$4<>"",IF(N50<=Parametre_2018!I$4,IF(Parametre_2018!J$4<>"",IF(O50<=Parametre_2018!J$4,"CL",""),"CL"),""),IF(Parametre_2018!J$4<>"",IF(O50<=Parametre_2018!J$4,"CL",""),"CL"))),"MCL")),IF(Q50<>"",IF(AND(Q50>Parametre_2018!B$4,Q50<=Parametre_2018!H$4),IF(Parametre_2018!I$4<>"",IF(N50<=Parametre_2018!I$4,IF(Parametre_2018!J$4<>"",IF(O50<=Parametre_2018!J$4,"CL",""),"CL"),""),IF(Parametre_2018!J$4<>"",IF(O50<=Parametre_2018!J$4,"CL",""),"CL")),""),"")),"")
A51: 34 | B51: A | C51: Ginter | D51: Jakub | E51: Bc. | F51: SI 2 | G51: 43262 | H51: 8p-SI | I51: Kotuliak | J51: Košťál | K51: Mobilná aplikácia pre segment zdravotníctva | L51: Ing. Marcel Baláž, PhD. | M51: Ing. Richard Roštecký | N51: A | O51: C | P51: 1.69 | Q51: 1.78 | U51: =IF(OR(V51<>"",Y51<>"",AB51<>""),"Navrh","") | Y51: =IF(Q51<>"",IF(Q51<=1.2,IF(O51="A","CR",IF(V51<>"",IF(Parametre_2018!N$4=1,IF(LEFT(V51,1)="1",IF(V51<>"",IF(Parametre_2018!O$4<>"",IF(N51<=Parametre_2018!O$4,IF(V51<>"",IF(Parametre_2018!P$4<>"",IF(O51<=Parametre_2018!P$4,"PLD",""),"PLD"),""),""),IF(V51<>"",IF(Parametre_2018!P$4<>"",IF(O51<=Parametre_2018!P$4,"PLD",""),"PLD"),"")),""),""),IF(V51<>"",IF(Parametre_2018!O$4<>"",IF(N51<=Parametre_2018!O$4,IF(V51<>"",IF(Parametre_2018!P$4<>"",IF(O51<=Parametre_2018!P$4,"PLD",""),"PLD"),""),""),IF(V51<>"",IF(Parametre_2018!P$4<>"",IF(O51<=Parametre_2018!P$4,"PLD",""),"PLD"),"")),"")),"")),IF(V51<>"",IF(Parametre_2018!N$4=1,IF(LEFT(V51,1)="1",IF(V51<>"",IF(Parametre_2018!O$4<>"",IF(N51<=Parametre_2018!O$4,IF(V51<>"",IF(Parametre_2018!P$4<>"",IF(O51<=Parametre_2018!P$4,"PLD",""),"PLD"),""),""),IF(V51<>"",IF(Parametre_2018!P$4<>"",IF(O51<=Parametre_2018!P$4,"PLD",""),"PLD"),"")),""),""),IF(V51<>"",IF(Parametre_2018!O$4<>"",IF(N51<=Parametre_2018!O$4,IF(V51<>"",IF(Parametre_2018!P$4<>"",IF(O51<=Parametre_2018!P$4,"PLD",""),"PLD"),""),""),IF(V51<>"",IF(Parametre_2018!P$4<>"",IF(O51<=Parametre_2018!P$4,"PLD",""),"PLD"),"")),"")),"")),"") | AB51: =IF(Q51<>"",IF(Q51<=Parametre_2018!B$4,IF(Parametre_2018!C$4<>"",IF(N51<=Parametre_2018!C$4,IF(Parametre_2018!D$4<>"",IF(O51<=Parametre_2018!D$4,"MCL",IF(Parametre_2018!I$4<>"",IF(N51<=Parametre_2018!I$4,IF(Parametre_2018!J$4<>"",IF(O51<=Parametre_2018!J$4,"CL",""),"CL"),""),IF(Parametre_2018!J$4<>"",IF(O51<=Parametre_2018!J$4,"CL",""),"CL"))),"MCL"),IF(Parametre_2018!I$4<>"",IF(N51<=Parametre_2018!I$4,IF(Parametre_2018!J$4<>"",IF(O51<=Parametre_2018!J$4,"CL",""),"CL"),""),IF(Parametre_2018!J$4<>"",IF(O51<=Parametre_2018!J$4,"CL",""),"CL"))),IF(Parametre_2018!D$4<>"",IF(O51<=Parametre_2018!D$4,"MCL",IF(Parametre_2018!I$4<>"",IF(N51<=Parametre_2018!I$4,IF(Parametre_2018!J$4<>"",IF(O51<=Parametre_2018!J$4,"CL",""),"CL"),""),IF(Parametre_2018!J$4<>"",IF(O51<=Parametre_2018!J$4,"CL",""),"CL"))),"MCL")),IF(Q51<>"",IF(AND(Q51>Parametre_2018!B$4,Q51<=Parametre_2018!H$4),IF(Parametre_2018!I$4<>"",IF(N51<=Parametre_2018!I$4,IF(Parametre_2018!J$4<>"",IF(O51<=Parametre_2018!J$4,"CL",""),"CL"),""),IF(Parametre_2018!J$4<>"",IF(O51<=Parametre_2018!J$4,"CL",""),"CL")),""),"")),"")
A52: 72 | B52: A | C52: Moravčík | D52: Oliver | E52: Bc. | F52: IS 2 | G52: 43262 | H52: 3p-IS-SI | I52: Lucká | J52: Laurinec | K52: Zhluková analýza dát z cytometrie za účelom identifikácie bunkových populácií | L52: doc. RNDr. Mária Lucká, PhD. | M52: Mgr. Peter Laurinec | N52: B | O52: B | P52: 1.75 | Q52: 1.78 | U52: =IF(OR(V52<>"",Y52<>"",AB52<>""),"Navrh","") | W52: A | Y52: =IF(Q52<>"",IF(Q52<=1.2,IF(O52="A","CR",IF(V52<>"",IF(Parametre_2018!N$4=1,IF(LEFT(V52,1)="1",IF(V52<>"",IF(Parametre_2018!O$4<>"",IF(N52<=Parametre_2018!O$4,IF(V52<>"",IF(Parametre_2018!P$4<>"",IF(O52<=Parametre_2018!P$4,"PLD",""),"PLD"),""),""),IF(V52<>"",IF(Parametre_2018!P$4<>"",IF(O52<=Parametre_2018!P$4,"PLD",""),"PLD"),"")),""),""),IF(V52<>"",IF(Parametre_2018!O$4<>"",IF(N52<=Parametre_2018!O$4,IF(V52<>"",IF(Parametre_2018!P$4<>"",IF(O52<=Parametre_2018!P$4,"PLD",""),"PLD"),""),""),IF(V52<>"",IF(Parametre_2018!P$4<>"",IF(O52<=Parametre_2018!P$4,"PLD",""),"PLD"),"")),"")),"")),IF(V52<>"",IF(Parametre_2018!N$4=1,IF(LEFT(V52,1)="1",IF(V52<>"",IF(Parametre_2018!O$4<>"",IF(N52<=Parametre_2018!O$4,IF(V52<>"",IF(Parametre_2018!P$4<>"",IF(O52<=Parametre_2018!P$4,"PLD",""),"PLD"),""),""),IF(V52<>"",IF(Parametre_2018!P$4<>"",IF(O52<=Parametre_2018!P$4,"PLD",""),"PLD"),"")),""),""),IF(V52<>"",IF(Parametre_2018!O$4<>"",IF(N52<=Parametre_2018!O$4,IF(V52<>"",IF(Parametre_2018!P$4<>"",IF(O52<=Parametre_2018!P$4,"PLD",""),"PLD"),""),""),IF(V52<>"",IF(Parametre_2018!P$4<>"",IF(O52<=Parametre_2018!P$4,"PLD",""),"PLD"),"")),"")),"")),"") | AB52: =IF(Q52<>"",IF(Q52<=Parametre_2018!B$4,IF(Parametre_2018!C$4<>"",IF(N52<=Parametre_2018!C$4,IF(Parametre_2018!D$4<>"",IF(O52<=Parametre_2018!D$4,"MCL",IF(Parametre_2018!I$4<>"",IF(N52<=Parametre_2018!I$4,IF(Parametre_2018!J$4<>"",IF(O52<=Parametre_2018!J$4,"CL",""),"CL"),""),IF(Parametre_2018!J$4<>"",IF(O52<=Parametre_2018!J$4,"CL",""),"CL"))),"MCL"),IF(Parametre_2018!I$4<>"",IF(N52<=Parametre_2018!I$4,IF(Parametre_2018!J$4<>"",IF(O52<=Parametre_2018!J$4,"CL",""),"CL"),""),IF(Parametre_2018!J$4<>"",IF(O52<=Parametre_2018!J$4,"CL",""),"CL"))),IF(Parametre_2018!D$4<>"",IF(O52<=Parametre_2018!D$4,"MCL",IF(Parametre_2018!I$4<>"",IF(N52<=Parametre_2018!I$4,IF(Parametre_2018!J$4<>"",IF(O52<=Parametre_2018!J$4,"CL",""),"CL"),""),IF(Parametre_2018!J$4<>"",IF(O52<=Parametre_2018!J$4,"CL",""),"CL"))),"MCL")),IF(Q52<>"",IF(AND(Q52>Parametre_2018!B$4,Q52<=Parametre_2018!H$4),IF(Parametre_2018!I$4<>"",IF(N52<=Parametre_2018!I$4,IF(Parametre_2018!J$4<>"",IF(O52<=Parametre_2018!J$4,"CL",""),"CL"),""),IF(Parametre_2018!J$4<>"",IF(O52<=Parametre_2018!J$4,"CL",""),"CL")),""),"")),"")
A53: 111 | B53: A | C53: Vaško | D53: Martin | E53: Bc. | F53: SI 2 | G53: 43262 | H53: 7p-IS-SI | I53: Benešová | J53: Marták | K53: Spracovanie dát zo senzorových systémov v oblasti športu | L53: Ing. Gábor Gyepes, PhD. | M53: doc. Ing. Tibor Krajčovič, PhD. | N53: A | O53: C | P53: 1.73 | Q53: 1.78 | U53: =IF(OR(V53<>"",Y53<>"",AB53<>""),"Navrh","") | Y53: =IF(Q53<>"",IF(Q53<=1.2,IF(O53="A","CR",IF(V53<>"",IF(Parametre_2018!N$4=1,IF(LEFT(V53,1)="1",IF(V53<>"",IF(Parametre_2018!O$4<>"",IF(N53<=Parametre_2018!O$4,IF(V53<>"",IF(Parametre_2018!P$4<>"",IF(O53<=Parametre_2018!P$4,"PLD",""),"PLD"),""),""),IF(V53<>"",IF(Parametre_2018!P$4<>"",IF(O53<=Parametre_2018!P$4,"PLD",""),"PLD"),"")),""),""),IF(V53<>"",IF(Parametre_2018!O$4<>"",IF(N53<=Parametre_2018!O$4,IF(V53<>"",IF(Parametre_2018!P$4<>"",IF(O53<=Parametre_2018!P$4,"PLD",""),"PLD"),""),""),IF(V53<>"",IF(Parametre_2018!P$4<>"",IF(O53<=Parametre_2018!P$4,"PLD",""),"PLD"),"")),"")),"")),IF(V53<>"",IF(Parametre_2018!N$4=1,IF(LEFT(V53,1)="1",IF(V53<>"",IF(Parametre_2018!O$4<>"",IF(N53<=Parametre_2018!O$4,IF(V53<>"",IF(Parametre_2018!P$4<>"",IF(O53<=Parametre_2018!P$4,"PLD",""),"PLD"),""),""),IF(V53<>"",IF(Parametre_2018!P$4<>"",IF(O53<=Parametre_2018!P$4,"PLD",""),"PLD"),"")),""),""),IF(V53<>"",IF(Parametre_2018!O$4<>"",IF(N53<=Parametre_2018!O$4,IF(V53<>"",IF(Parametre_2018!P$4<>"",IF(O53<=Parametre_2018!P$4,"PLD",""),"PLD"),""),""),IF(V53<>"",IF(Parametre_2018!P$4<>"",IF(O53<=Parametre_2018!P$4,"PLD",""),"PLD"),"")),"")),"")),"") | AB53: =IF(Q53<>"",IF(Q53<=Parametre_2018!B$4,IF(Parametre_2018!C$4<>"",IF(N53<=Parametre_2018!C$4,IF(Parametre_2018!D$4<>"",IF(O53<=Parametre_2018!D$4,"MCL",IF(Parametre_2018!I$4<>"",IF(N53<=Parametre_2018!I$4,IF(Parametre_2018!J$4<>"",IF(O53<=Parametre_2018!J$4,"CL",""),"CL"),""),IF(Parametre_2018!J$4<>"",IF(O53<=Parametre_2018!J$4,"CL",""),"CL"))),"MCL"),IF(Parametre_2018!I$4<>"",IF(N53<=Parametre_2018!I$4,IF(Parametre_2018!J$4<>"",IF(O53<=Parametre_2018!J$4,"CL",""),"CL"),""),IF(Parametre_2018!J$4<>"",IF(O53<=Parametre_2018!J$4,"CL",""),"CL"))),IF(Parametre_2018!D$4<>"",IF(O53<=Parametre_2018!D$4,"MCL",IF(Parametre_2018!I$4<>"",IF(N53<=Parametre_2018!I$4,IF(Parametre_2018!J$4<>"",IF(O53<=Parametre_2018!J$4,"CL",""),"CL"),""),IF(Parametre_2018!J$4<>"",IF(O53<=Parametre_2018!J$4,"CL",""),"CL"))),"MCL")),IF(Q53<>"",IF(AND(Q53>Parametre_2018!B$4,Q53<=Parametre_2018!H$4),IF(Parametre_2018!I$4<>"",IF(N53<=Parametre_2018!I$4,IF(Parametre_2018!J$4<>"",IF(O53<=Parametre_2018!J$4,"CL",""),"CL"),""),IF(Parametre_2018!J$4<>"",IF(O53<=Parametre_2018!J$4,"CL",""),"CL")),""),"")),"")
A54: 51 | B54: A | C54: Keszeli | D54: Mário | E54: Bc. | F54: SI 2 | G54: 43262 | H54: 6p-IS-SI | I54: Chudá | J54: Petrík | K54: Zabezpečená komunikácia medzi vozidlami | L54: Ing. Ján Laštinec, PhD. | M54: Ing. Jozef Filipek | N54: B | O54: B | P54: 1.84 | Q54: 1.79 | U54: =IF(OR(V54<>"",Y54<>"",AB54<>""),"Navrh","") | X54: A | Y54: =IF(Q54<>"",IF(Q54<=1.2,IF(O54="A","CR",IF(V54<>"",IF(Parametre_2018!N$4=1,IF(LEFT(V54,1)="1",IF(V54<>"",IF(Parametre_2018!O$4<>"",IF(N54<=Parametre_2018!O$4,IF(V54<>"",IF(Parametre_2018!P$4<>"",IF(O54<=Parametre_2018!P$4,"PLD",""),"PLD"),""),""),IF(V54<>"",IF(Parametre_2018!P$4<>"",IF(O54<=Parametre_2018!P$4,"PLD",""),"PLD"),"")),""),""),IF(V54<>"",IF(Parametre_2018!O$4<>"",IF(N54<=Parametre_2018!O$4,IF(V54<>"",IF(Parametre_2018!P$4<>"",IF(O54<=Parametre_2018!P$4,"PLD",""),"PLD"),""),""),IF(V54<>"",IF(Parametre_2018!P$4<>"",IF(O54<=Parametre_2018!P$4,"PLD",""),"PLD"),"")),"")),"")),IF(V54<>"",IF(Parametre_2018!N$4=1,IF(LEFT(V54,1)="1",IF(V54<>"",IF(Parametre_2018!O$4<>"",IF(N54<=Parametre_2018!O$4,IF(V54<>"",IF(Parametre_2018!P$4<>"",IF(O54<=Parametre_2018!P$4,"PLD",""),"PLD"),""),""),IF(V54<>"",IF(Parametre_2018!P$4<>"",IF(O54<=Parametre_2018!P$4,"PLD",""),"PLD"),"")),""),""),IF(V54<>"",IF(Parametre_2018!O$4<>"",IF(N54<=Parametre_2018!O$4,IF(V54<>"",IF(Parametre_2018!P$4<>"",IF(O54<=Parametre_2018!P$4,"PLD",""),"PLD"),""),""),IF(V54<>"",IF(Parametre_2018!P$4<>"",IF(O54<=Parametre_2018!P$4,"PLD",""),"PLD"),"")),"")),"")),"") | AB54: =IF(Q54<>"",IF(Q54<=Parametre_2018!B$4,IF(Parametre_2018!C$4<>"",IF(N54<=Parametre_2018!C$4,IF(Parametre_2018!D$4<>"",IF(O54<=Parametre_2018!D$4,"MCL",IF(Parametre_2018!I$4<>"",IF(N54<=Parametre_2018!I$4,IF(Parametre_2018!J$4<>"",IF(O54<=Parametre_2018!J$4,"CL",""),"CL"),""),IF(Parametre_2018!J$4<>"",IF(O54<=Parametre_2018!J$4,"CL",""),"CL"))),"MCL"),IF(Parametre_2018!I$4<>"",IF(N54<=Parametre_2018!I$4,IF(Parametre_2018!J$4<>"",IF(O54<=Parametre_2018!J$4,"CL",""),"CL"),""),IF(Parametre_2018!J$4<>"",IF(O54<=Parametre_2018!J$4,"CL",""),"CL"))),IF(Parametre_2018!D$4<>"",IF(O54<=Parametre_2018!D$4,"MCL",IF(Parametre_2018!I$4<>"",IF(N54<=Parametre_2018!I$4,IF(Parametre_2018!J$4<>"",IF(O54<=Parametre_2018!J$4,"CL",""),"CL"),""),IF(Parametre_2018!J$4<>"",IF(O54<=Parametre_2018!J$4,"CL",""),"CL"))),"MCL")),IF(Q54<>"",IF(AND(Q54>Parametre_2018!B$4,Q54<=Parametre_2018!H$4),IF(Parametre_2018!I$4<>"",IF(N54<=Parametre_2018!I$4,IF(Parametre_2018!J$4<>"",IF(O54<=Parametre_2018!J$4,"CL",""),"CL"),""),IF(Parametre_2018!J$4<>"",IF(O54<=Parametre_2018!J$4,"CL",""),"CL")),""),"")),"")
A55: 22 | B55: A | C55: Číkoš | D55: Marek | E55: Bc. | F55: SI 2 | G55: 43262 | H55: 6p-IS-SI | I55: Chudá | J55: Petrík | K55: Aplikácia kontroly toku programu na detekciu škodlivého softvéru | L55: doc. Ing. Tibor Krajčovič, PhD. | M55: Ing. Ján Hudec, PhD. | N55: A | O55: B | P55: 1.85 | Q55: 1.8 | U55: =IF(OR(V55<>"",Y55<>"",AB55<>""),"Navrh","") | Y55: =IF(Q55<>"",IF(Q55<=1.2,IF(O55="A","CR",IF(V55<>"",IF(Parametre_2018!N$4=1,IF(LEFT(V55,1)="1",IF(V55<>"",IF(Parametre_2018!O$4<>"",IF(N55<=Parametre_2018!O$4,IF(V55<>"",IF(Parametre_2018!P$4<>"",IF(O55<=Parametre_2018!P$4,"PLD",""),"PLD"),""),""),IF(V55<>"",IF(Parametre_2018!P$4<>"",IF(O55<=Parametre_2018!P$4,"PLD",""),"PLD"),"")),""),""),IF(V55<>"",IF(Parametre_2018!O$4<>"",IF(N55<=Parametre_2018!O$4,IF(V55<>"",IF(Parametre_2018!P$4<>"",IF(O55<=Parametre_2018!P$4,"PLD",""),"PLD"),""),""),IF(V55<>"",IF(Parametre_2018!P$4<>"",IF(O55<=Parametre_2018!P$4,"PLD",""),"PLD"),"")),"")),"")),IF(V55<>"",IF(Parametre_2018!N$4=1,IF(LEFT(V55,1)="1",IF(V55<>"",IF(Parametre_2018!O$4<>"",IF(N55<=Parametre_2018!O$4,IF(V55<>"",IF(Parametre_2018!P$4<>"",IF(O55<=Parametre_2018!P$4,"PLD",""),"PLD"),""),""),IF(V55<>"",IF(Parametre_2018!P$4<>"",IF(O55<=Parametre_2018!P$4,"PLD",""),"PLD"),"")),""),""),IF(V55<>"",IF(Parametre_2018!O$4<>"",IF(N55<=Parametre_2018!O$4,IF(V55<>"",IF(Parametre_2018!P$4<>"",IF(O55<=Parametre_2018!P$4,"PLD",""),"PLD"),""),""),IF(V55<>"",IF(Parametre_2018!P$4<>"",IF(O55<=Parametre_2018!P$4,"PLD",""),"PLD"),"")),"")),"")),"") | AB55: =IF(Q55<>"",IF(Q55<=Parametre_2018!B$4,IF(Parametre_2018!C$4<>"",IF(N55<=Parametre_2018!C$4,IF(Parametre_2018!D$4<>"",IF(O55<=Parametre_2018!D$4,"MCL",IF(Parametre_2018!I$4<>"",IF(N55<=Parametre_2018!I$4,IF(Parametre_2018!J$4<>"",IF(O55<=Parametre_2018!J$4,"CL",""),"CL"),""),IF(Parametre_2018!J$4<>"",IF(O55<=Parametre_2018!J$4,"CL",""),"CL"))),"MCL"),IF(Parametre_2018!I$4<>"",IF(N55<=Parametre_2018!I$4,IF(Parametre_2018!J$4<>"",IF(O55<=Parametre_2018!J$4,"CL",""),"CL"),""),IF(Parametre_2018!J$4<>"",IF(O55<=Parametre_2018!J$4,"CL",""),"CL"))),IF(Parametre_2018!D$4<>"",IF(O55<=Parametre_2018!D$4,"MCL",IF(Parametre_2018!I$4<>"",IF(N55<=Parametre_2018!I$4,IF(Parametre_2018!J$4<>"",IF(O55<=Parametre_2018!J$4,"CL",""),"CL"),""),IF(Parametre_2018!J$4<>"",IF(O55<=Parametre_2018!J$4,"CL",""),"CL"))),"MCL")),IF(Q55<>"",IF(AND(Q55>Parametre_2018!B$4,Q55<=Parametre_2018!H$4),IF(Parametre_2018!I$4<>"",IF(N55<=Parametre_2018!I$4,IF(Parametre_2018!J$4<>"",IF(O55<=Parametre_2018!J$4,"CL",""),"CL"),""),IF(Parametre_2018!J$4<>"",IF(O55<=Parametre_2018!J$4,"CL",""),"CL")),""),"")),"")
A56: 43 | B56: A | C56: Hatvani | D56: Dušan | E56: Bc. | F56: SI 2 | G56: 43262 | H56: 8p-SI | I56: Kotuliak | J56: Košťál | K56: Zefektívnenie komunikácie zariadení Internetu vecí zmenou parametrov komunikačného protokolu | L56: Ing. Dominik Macko, PhD. | M56: Ing. Ivana Hucková | N56: B | O56: A | P56: 1.91 | Q56: 1.81 | U56: =IF(OR(V56<>"",Y56<>"",AB56<>""),"Navrh","") | Y56: =IF(Q56<>"",IF(Q56<=1.2,IF(O56="A","CR",IF(V56<>"",IF(Parametre_2018!N$4=1,IF(LEFT(V56,1)="1",IF(V56<>"",IF(Parametre_2018!O$4<>"",IF(N56<=Parametre_2018!O$4,IF(V56<>"",IF(Parametre_2018!P$4<>"",IF(O56<=Parametre_2018!P$4,"PLD",""),"PLD"),""),""),IF(V56<>"",IF(Parametre_2018!P$4<>"",IF(O56<=Parametre_2018!P$4,"PLD",""),"PLD"),"")),""),""),IF(V56<>"",IF(Parametre_2018!O$4<>"",IF(N56<=Parametre_2018!O$4,IF(V56<>"",IF(Parametre_2018!P$4<>"",IF(O56<=Parametre_2018!P$4,"PLD",""),"PLD"),""),""),IF(V56<>"",IF(Parametre_2018!P$4<>"",IF(O56<=Parametre_2018!P$4,"PLD",""),"PLD"),"")),"")),"")),IF(V56<>"",IF(Parametre_2018!N$4=1,IF(LEFT(V56,1)="1",IF(V56<>"",IF(Parametre_2018!O$4<>"",IF(N56<=Parametre_2018!O$4,IF(V56<>"",IF(Parametre_2018!P$4<>"",IF(O56<=Parametre_2018!P$4,"PLD",""),"PLD"),""),""),IF(V56<>"",IF(Parametre_2018!P$4<>"",IF(O56<=Parametre_2018!P$4,"PLD",""),"PLD"),"")),""),""),IF(V56<>"",IF(Parametre_2018!O$4<>"",IF(N56<=Parametre_2018!O$4,IF(V56<>"",IF(Parametre_2018!P$4<>"",IF(O56<=Parametre_2018!P$4,"PLD",""),"PLD"),""),""),IF(V56<>"",IF(Parametre_2018!P$4<>"",IF(O56<=Parametre_2018!P$4,"PLD",""),"PLD"),"")),"")),"")),"") | AB56: =IF(Q56<>"",IF(Q56<=Parametre_2018!B$4,IF(Parametre_2018!C$4<>"",IF(N56<=Parametre_2018!C$4,IF(Parametre_2018!D$4<>"",IF(O56<=Parametre_2018!D$4,"MCL",IF(Parametre_2018!I$4<>"",IF(N56<=Parametre_2018!I$4,IF(Parametre_2018!J$4<>"",IF(O56<=Parametre_2018!J$4,"CL",""),"CL"),""),IF(Parametre_2018!J$4<>"",IF(O56<=Parametre_2018!J$4,"CL",""),"CL"))),"MCL"),IF(Parametre_2018!I$4<>"",IF(N56<=Parametre_2018!I$4,IF(Parametre_2018!J$4<>"",IF(O56<=Parametre_2018!J$4,"CL",""),"CL"),""),IF(Parametre_2018!J$4<>"",IF(O56<=Parametre_2018!J$4,"CL",""),"CL"))),IF(Parametre_2018!D$4<>"",IF(O56<=Parametre_2018!D$4,"MCL",IF(Parametre_2018!I$4<>"",IF(N56<=Parametre_2018!I$4,IF(Parametre_2018!J$4<>"",IF(O56<=Parametre_2018!J$4,"CL",""),"CL"),""),IF(Parametre_2018!J$4<>"",IF(O56<=Parametre_2018!J$4,"CL",""),"CL"))),"MCL")),IF(Q56<>"",IF(AND(Q56>Parametre_2018!B$4,Q56<=Parametre_2018!H$4),IF(Parametre_2018!I$4<>"",IF(N56<=Parametre_2018!I$4,IF(Parametre_2018!J$4<>"",IF(O56<=Parametre_2018!J$4,"CL",""),"CL"),""),IF(Parametre_2018!J$4<>"",IF(O56<=Parametre_2018!J$4,"CL",""),"CL")),""),"")),"")
A57: 81 | B57: A | C57: Papp | D57: Dániel | E57: Bc. | F57: IS 2 | G57: 43263 | H57: 1u-IS | I57: Bieliková | J57: Konôpka | K57: Vizuálna pozornosť a mapovanie výraznosti na elementy webových stránok | L57: Ing. Jakub Šimko, PhD. | M57: Ing. Eduard Kuric, PhD. | N57: B | O57: B | P57: 1.89 | Q57: 1.83 | U57: =IF(OR(V57<>"",Y57<>"",AB57<>""),"Navrh","") | X57: A | Y57: =IF(Q57<>"",IF(Q57<=1.2,IF(O57="A","CR",IF(V57<>"",IF(Parametre_2018!N$4=1,IF(LEFT(V57,1)="1",IF(V57<>"",IF(Parametre_2018!O$4<>"",IF(N57<=Parametre_2018!O$4,IF(V57<>"",IF(Parametre_2018!P$4<>"",IF(O57<=Parametre_2018!P$4,"PLD",""),"PLD"),""),""),IF(V57<>"",IF(Parametre_2018!P$4<>"",IF(O57<=Parametre_2018!P$4,"PLD",""),"PLD"),"")),""),""),IF(V57<>"",IF(Parametre_2018!O$4<>"",IF(N57<=Parametre_2018!O$4,IF(V57<>"",IF(Parametre_2018!P$4<>"",IF(O57<=Parametre_2018!P$4,"PLD",""),"PLD"),""),""),IF(V57<>"",IF(Parametre_2018!P$4<>"",IF(O57<=Parametre_2018!P$4,"PLD",""),"PLD"),"")),"")),"")),IF(V57<>"",IF(Parametre_2018!N$4=1,IF(LEFT(V57,1)="1",IF(V57<>"",IF(Parametre_2018!O$4<>"",IF(N57<=Parametre_2018!O$4,IF(V57<>"",IF(Parametre_2018!P$4<>"",IF(O57<=Parametre_2018!P$4,"PLD",""),"PLD"),""),""),IF(V57<>"",IF(Parametre_2018!P$4<>"",IF(O57<=Parametre_2018!P$4,"PLD",""),"PLD"),"")),""),""),IF(V57<>"",IF(Parametre_2018!O$4<>"",IF(N57<=Parametre_2018!O$4,IF(V57<>"",IF(Parametre_2018!P$4<>"",IF(O57<=Parametre_2018!P$4,"PLD",""),"PLD"),""),""),IF(V57<>"",IF(Parametre_2018!P$4<>"",IF(O57<=Parametre_2018!P$4,"PLD",""),"PLD"),"")),"")),"")),"") | AB57: =IF(Q57<>"",IF(Q57<=Parametre_2018!B$4,IF(Parametre_2018!C$4<>"",IF(N57<=Parametre_2018!C$4,IF(Parametre_2018!D$4<>"",IF(O57<=Parametre_2018!D$4,"MCL",IF(Parametre_2018!I$4<>"",IF(N57<=Parametre_2018!I$4,IF(Parametre_2018!J$4<>"",IF(O57<=Parametre_2018!J$4,"CL",""),"CL"),""),IF(Parametre_2018!J$4<>"",IF(O57<=Parametre_2018!J$4,"CL",""),"CL"))),"MCL"),IF(Parametre_2018!I$4<>"",IF(N57<=Parametre_2018!I$4,IF(Parametre_2018!J$4<>"",IF(O57<=Parametre_2018!J$4,"CL",""),"CL"),""),IF(Parametre_2018!J$4<>"",IF(O57<=Parametre_2018!J$4,"CL",""),"CL"))),IF(Parametre_2018!D$4<>"",IF(O57<=Parametre_2018!D$4,"MCL",IF(Parametre_2018!I$4<>"",IF(N57<=Parametre_2018!I$4,IF(Parametre_2018!J$4<>"",IF(O57<=Parametre_2018!J$4,"CL",""),"CL"),""),IF(Parametre_2018!J$4<>"",IF(O57<=Parametre_2018!J$4,"CL",""),"CL"))),"MCL")),IF(Q57<>"",IF(AND(Q57>Parametre_2018!B$4,Q57<=Parametre_2018!H$4),IF(Parametre_2018!I$4<>"",IF(N57<=Parametre_2018!I$4,IF(Parametre_2018!J$4<>"",IF(O57<=Parametre_2018!J$4,"CL",""),"CL"),""),IF(Parametre_2018!J$4<>"",IF(O57<=Parametre_2018!J$4,"CL",""),"CL")),""),"")),"")
A58: 11 | B58: A | C58: Brechtl | D58: Ján | E58: Bc. | F58: SI 2 | G58: 43262 | H58: 5p-SI | I58: Vranič | J58: Jarábek | K58: Simulácie mobilných komunikačných sietí | L58: Ing. Dušan Bernát | M58: Ing. Rudolf Grežo | N58: C | O58: B | P58: 1.9 | Q58: 1.84 | U58: =IF(OR(V58<>"",Y58<>"",AB58<>""),"Navrh","") | Y58: =IF(Q58<>"",IF(Q58<=1.2,IF(O58="A","CR",IF(V58<>"",IF(Parametre_2018!N$4=1,IF(LEFT(V58,1)="1",IF(V58<>"",IF(Parametre_2018!O$4<>"",IF(N58<=Parametre_2018!O$4,IF(V58<>"",IF(Parametre_2018!P$4<>"",IF(O58<=Parametre_2018!P$4,"PLD",""),"PLD"),""),""),IF(V58<>"",IF(Parametre_2018!P$4<>"",IF(O58<=Parametre_2018!P$4,"PLD",""),"PLD"),"")),""),""),IF(V58<>"",IF(Parametre_2018!O$4<>"",IF(N58<=Parametre_2018!O$4,IF(V58<>"",IF(Parametre_2018!P$4<>"",IF(O58<=Parametre_2018!P$4,"PLD",""),"PLD"),""),""),IF(V58<>"",IF(Parametre_2018!P$4<>"",IF(O58<=Parametre_2018!P$4,"PLD",""),"PLD"),"")),"")),"")),IF(V58<>"",IF(Parametre_2018!N$4=1,IF(LEFT(V58,1)="1",IF(V58<>"",IF(Parametre_2018!O$4<>"",IF(N58<=Parametre_2018!O$4,IF(V58<>"",IF(Parametre_2018!P$4<>"",IF(O58<=Parametre_2018!P$4,"PLD",""),"PLD"),""),""),IF(V58<>"",IF(Parametre_2018!P$4<>"",IF(O58<=Parametre_2018!P$4,"PLD",""),"PLD"),"")),""),""),IF(V58<>"",IF(Parametre_2018!O$4<>"",IF(N58<=Parametre_2018!O$4,IF(V58<>"",IF(Parametre_2018!P$4<>"",IF(O58<=Parametre_2018!P$4,"PLD",""),"PLD"),""),""),IF(V58<>"",IF(Parametre_2018!P$4<>"",IF(O58<=Parametre_2018!P$4,"PLD",""),"PLD"),"")),"")),"")),"") | AB58: =IF(Q58<>"",IF(Q58<=Parametre_2018!B$4,IF(Parametre_2018!C$4<>"",IF(N58<=Parametre_2018!C$4,IF(Parametre_2018!D$4<>"",IF(O58<=Parametre_2018!D$4,"MCL",IF(Parametre_2018!I$4<>"",IF(N58<=Parametre_2018!I$4,IF(Parametre_2018!J$4<>"",IF(O58<=Parametre_2018!J$4,"CL",""),"CL"),""),IF(Parametre_2018!J$4<>"",IF(O58<=Parametre_2018!J$4,"CL",""),"CL"))),"MCL"),IF(Parametre_2018!I$4<>"",IF(N58<=Parametre_2018!I$4,IF(Parametre_2018!J$4<>"",IF(O58<=Parametre_2018!J$4,"CL",""),"CL"),""),IF(Parametre_2018!J$4<>"",IF(O58<=Parametre_2018!J$4,"CL",""),"CL"))),IF(Parametre_2018!D$4<>"",IF(O58<=Parametre_2018!D$4,"MCL",IF(Parametre_2018!I$4<>"",IF(N58<=Parametre_2018!I$4,IF(Parametre_2018!J$4<>"",IF(O58<=Parametre_2018!J$4,"CL",""),"CL"),""),IF(Parametre_2018!J$4<>"",IF(O58<=Parametre_2018!J$4,"CL",""),"CL"))),"MCL")),IF(Q58<>"",IF(AND(Q58>Parametre_2018!B$4,Q58<=Parametre_2018!H$4),IF(Parametre_2018!I$4<>"",IF(N58<=Parametre_2018!I$4,IF(Parametre_2018!J$4<>"",IF(O58<=Parametre_2018!J$4,"CL",""),"CL"),""),IF(Parametre_2018!J$4<>"",IF(O58<=Parametre_2018!J$4,"CL",""),"CL")),""),"")),"")
A59: 73 | B59: A | C59: Moravčíková | D59: Zora | E59: Bc. | F59: IS 2 | G59: 43263 | H59: 8u-IS-SI | I59: Kotuliak | J59: Doubravský | K59: Automatické prispôsobovanie herných mechanizmov stavu hráča | L59: Ing. Martin Nagy | M59: prof. Ing. Ivan Kotuliak, PhD. | N59: B | O59: C | P59: 1.81 | Q59: 1.84 | U59: =IF(OR(V59<>"",Y59<>"",AB59<>""),"Navrh","") | X59: A | Y59: =IF(Q59<>"",IF(Q59<=1.2,IF(O59="A","CR",IF(V59<>"",IF(Parametre_2018!N$4=1,IF(LEFT(V59,1)="1",IF(V59<>"",IF(Parametre_2018!O$4<>"",IF(N59<=Parametre_2018!O$4,IF(V59<>"",IF(Parametre_2018!P$4<>"",IF(O59<=Parametre_2018!P$4,"PLD",""),"PLD"),""),""),IF(V59<>"",IF(Parametre_2018!P$4<>"",IF(O59<=Parametre_2018!P$4,"PLD",""),"PLD"),"")),""),""),IF(V59<>"",IF(Parametre_2018!O$4<>"",IF(N59<=Parametre_2018!O$4,IF(V59<>"",IF(Parametre_2018!P$4<>"",IF(O59<=Parametre_2018!P$4,"PLD",""),"PLD"),""),""),IF(V59<>"",IF(Parametre_2018!P$4<>"",IF(O59<=Parametre_2018!P$4,"PLD",""),"PLD"),"")),"")),"")),IF(V59<>"",IF(Parametre_2018!N$4=1,IF(LEFT(V59,1)="1",IF(V59<>"",IF(Parametre_2018!O$4<>"",IF(N59<=Parametre_2018!O$4,IF(V59<>"",IF(Parametre_2018!P$4<>"",IF(O59<=Parametre_2018!P$4,"PLD",""),"PLD"),""),""),IF(V59<>"",IF(Parametre_2018!P$4<>"",IF(O59<=Parametre_2018!P$4,"PLD",""),"PLD"),"")),""),""),IF(V59<>"",IF(Parametre_2018!O$4<>"",IF(N59<=Parametre_2018!O$4,IF(V59<>"",IF(Parametre_2018!P$4<>"",IF(O59<=Parametre_2018!P$4,"PLD",""),"PLD"),""),""),IF(V59<>"",IF(Parametre_2018!P$4<>"",IF(O59<=Parametre_2018!P$4,"PLD",""),"PLD"),"")),"")),"")),"") | AB59: =IF(Q59<>"",IF(Q59<=Parametre_2018!B$4,IF(Parametre_2018!C$4<>"",IF(N59<=Parametre_2018!C$4,IF(Parametre_2018!D$4<>"",IF(O59<=Parametre_2018!D$4,"MCL",IF(Parametre_2018!I$4<>"",IF(N59<=Parametre_2018!I$4,IF(Parametre_2018!J$4<>"",IF(O59<=Parametre_2018!J$4,"CL",""),"CL"),""),IF(Parametre_2018!J$4<>"",IF(O59<=Parametre_2018!J$4,"CL",""),"CL"))),"MCL"),IF(Parametre_2018!I$4<>"",IF(N59<=Parametre_2018!I$4,IF(Parametre_2018!J$4<>"",IF(O59<=Parametre_2018!J$4,"CL",""),"CL"),""),IF(Parametre_2018!J$4<>"",IF(O59<=Parametre_2018!J$4,"CL",""),"CL"))),IF(Parametre_2018!D$4<>"",IF(O59<=Parametre_2018!D$4,"MCL",IF(Parametre_2018!I$4<>"",IF(N59<=Parametre_2018!I$4,IF(Parametre_2018!J$4<>"",IF(O59<=Parametre_2018!J$4,"CL",""),"CL"),""),IF(Parametre_2018!J$4<>"",IF(O59<=Parametre_2018!J$4,"CL",""),"CL"))),"MCL")),IF(Q59<>"",IF(AND(Q59>Parametre_2018!B$4,Q59<=Parametre_2018!H$4),IF(Parametre_2018!I$4<>"",IF(N59<=Parametre_2018!I$4,IF(Parametre_2018!J$4<>"",IF(O59<=Parametre_2018!J$4,"CL",""),"CL"),""),IF(Parametre_2018!J$4<>"",IF(O59<=Parametre_2018!J$4,"CL",""),"CL")),""),"")),"")
A60: 87 | B60: A | C60: Puk | D60: Matej | E60: Bc. | F60: SI 2 | G60: 43262 | H60: 5p-SI | I60: Vranič | J60: Jarábek | K60: Simulátor distribuovaných algoritmov | L60: Ing. Dušan Bernát | M60: Ing. Dominik Macko, PhD. | N60: C | O60: C | P60: 1.79 | Q60: 1.84 | U60: =IF(OR(V60<>"",Y60<>"",AB60<>""),"Navrh","") | Y60: =IF(Q60<>"",IF(Q60<=1.2,IF(O60="A","CR",IF(V60<>"",IF(Parametre_2018!N$4=1,IF(LEFT(V60,1)="1",IF(V60<>"",IF(Parametre_2018!O$4<>"",IF(N60<=Parametre_2018!O$4,IF(V60<>"",IF(Parametre_2018!P$4<>"",IF(O60<=Parametre_2018!P$4,"PLD",""),"PLD"),""),""),IF(V60<>"",IF(Parametre_2018!P$4<>"",IF(O60<=Parametre_2018!P$4,"PLD",""),"PLD"),"")),""),""),IF(V60<>"",IF(Parametre_2018!O$4<>"",IF(N60<=Parametre_2018!O$4,IF(V60<>"",IF(Parametre_2018!P$4<>"",IF(O60<=Parametre_2018!P$4,"PLD",""),"PLD"),""),""),IF(V60<>"",IF(Parametre_2018!P$4<>"",IF(O60<=Parametre_2018!P$4,"PLD",""),"PLD"),"")),"")),"")),IF(V60<>"",IF(Parametre_2018!N$4=1,IF(LEFT(V60,1)="1",IF(V60<>"",IF(Parametre_2018!O$4<>"",IF(N60<=Parametre_2018!O$4,IF(V60<>"",IF(Parametre_2018!P$4<>"",IF(O60<=Parametre_2018!P$4,"PLD",""),"PLD"),""),""),IF(V60<>"",IF(Parametre_2018!P$4<>"",IF(O60<=Parametre_2018!P$4,"PLD",""),"PLD"),"")),""),""),IF(V60<>"",IF(Parametre_2018!O$4<>"",IF(N60<=Parametre_2018!O$4,IF(V60<>"",IF(Parametre_2018!P$4<>"",IF(O60<=Parametre_2018!P$4,"PLD",""),"PLD"),""),""),IF(V60<>"",IF(Parametre_2018!P$4<>"",IF(O60<=Parametre_2018!P$4,"PLD",""),"PLD"),"")),"")),"")),"") | AB60: =IF(Q60<>"",IF(Q60<=Parametre_2018!B$4,IF(Parametre_2018!C$4<>"",IF(N60<=Parametre_2018!C$4,IF(Parametre_2018!D$4<>"",IF(O60<=Parametre_2018!D$4,"MCL",IF(Parametre_2018!I$4<>"",IF(N60<=Parametre_2018!I$4,IF(Parametre_2018!J$4<>"",IF(O60<=Parametre_2018!J$4,"CL",""),"CL"),""),IF(Parametre_2018!J$4<>"",IF(O60<=Parametre_2018!J$4,"CL",""),"CL"))),"MCL"),IF(Parametre_2018!I$4<>"",IF(N60<=Parametre_2018!I$4,IF(Parametre_2018!J$4<>"",IF(O60<=Parametre_2018!J$4,"CL",""),"CL"),""),IF(Parametre_2018!J$4<>"",IF(O60<=Parametre_2018!J$4,"CL",""),"CL"))),IF(Parametre_2018!D$4<>"",IF(O60<=Parametre_2018!D$4,"MCL",IF(Parametre_2018!I$4<>"",IF(N60<=Parametre_2018!I$4,IF(Parametre_2018!J$4<>"",IF(O60<=Parametre_2018!J$4,"CL",""),"CL"),""),IF(Parametre_2018!J$4<>"",IF(O60<=Parametre_2018!J$4,"CL",""),"CL"))),"MCL")),IF(Q60<>"",IF(AND(Q60>Parametre_2018!B$4,Q60<=Parametre_2018!H$4),IF(Parametre_2018!I$4<>"",IF(N60<=Parametre_2018!I$4,IF(Parametre_2018!J$4<>"",IF(O60<=Parametre_2018!J$4,"CL",""),"CL"),""),IF(Parametre_2018!J$4<>"",IF(O60<=Parametre_2018!J$4,"CL",""),"CL")),""),"")),"")
A61: 67 | B61: A | C61: Matlovič | D61: Tomáš | E61: Bc. | F61: IS 2 | G61: 43263 | H61: 1u-IS | I61: Bieliková | J61: Konôpka | K61: Poskytovanie spätnej väzby v doméne programovania | L61: Mgr. Jozef Tvarožek, PhD. | M61: Ing. Martin Konôpka | N61: C | O61: C | P61: 1.85 | Q61: 1.86 | U61: =IF(OR(V61<>"",Y61<>"",AB61<>""),"Navrh","") | W61: A 2x | Y61: =IF(Q61<>"",IF(Q61<=1.2,IF(O61="A","CR",IF(V61<>"",IF(Parametre_2018!N$4=1,IF(LEFT(V61,1)="1",IF(V61<>"",IF(Parametre_2018!O$4<>"",IF(N61<=Parametre_2018!O$4,IF(V61<>"",IF(Parametre_2018!P$4<>"",IF(O61<=Parametre_2018!P$4,"PLD",""),"PLD"),""),""),IF(V61<>"",IF(Parametre_2018!P$4<>"",IF(O61<=Parametre_2018!P$4,"PLD",""),"PLD"),"")),""),""),IF(V61<>"",IF(Parametre_2018!O$4<>"",IF(N61<=Parametre_2018!O$4,IF(V61<>"",IF(Parametre_2018!P$4<>"",IF(O61<=Parametre_2018!P$4,"PLD",""),"PLD"),""),""),IF(V61<>"",IF(Parametre_2018!P$4<>"",IF(O61<=Parametre_2018!P$4,"PLD",""),"PLD"),"")),"")),"")),IF(V61<>"",IF(Parametre_2018!N$4=1,IF(LEFT(V61,1)="1",IF(V61<>"",IF(Parametre_2018!O$4<>"",IF(N61<=Parametre_2018!O$4,IF(V61<>"",IF(Parametre_2018!P$4<>"",IF(O61<=Parametre_2018!P$4,"PLD",""),"PLD"),""),""),IF(V61<>"",IF(Parametre_2018!P$4<>"",IF(O61<=Parametre_2018!P$4,"PLD",""),"PLD"),"")),""),""),IF(V61<>"",IF(Parametre_2018!O$4<>"",IF(N61<=Parametre_2018!O$4,IF(V61<>"",IF(Parametre_2018!P$4<>"",IF(O61<=Parametre_2018!P$4,"PLD",""),"PLD"),""),""),IF(V61<>"",IF(Parametre_2018!P$4<>"",IF(O61<=Parametre_2018!P$4,"PLD",""),"PLD"),"")),"")),"")),"") | AB61: =IF(Q61<>"",IF(Q61<=Parametre_2018!B$4,IF(Parametre_2018!C$4<>"",IF(N61<=Parametre_2018!C$4,IF(Parametre_2018!D$4<>"",IF(O61<=Parametre_2018!D$4,"MCL",IF(Parametre_2018!I$4<>"",IF(N61<=Parametre_2018!I$4,IF(Parametre_2018!J$4<>"",IF(O61<=Parametre_2018!J$4,"CL",""),"CL"),""),IF(Parametre_2018!J$4<>"",IF(O61<=Parametre_2018!J$4,"CL",""),"CL"))),"MCL"),IF(Parametre_2018!I$4<>"",IF(N61<=Parametre_2018!I$4,IF(Parametre_2018!J$4<>"",IF(O61<=Parametre_2018!J$4,"CL",""),"CL"),""),IF(Parametre_2018!J$4<>"",IF(O61<=Parametre_2018!J$4,"CL",""),"CL"))),IF(Parametre_2018!D$4<>"",IF(O61<=Parametre_2018!D$4,"MCL",IF(Parametre_2018!I$4<>"",IF(N61<=Parametre_2018!I$4,IF(Parametre_2018!J$4<>"",IF(O61<=Parametre_2018!J$4,"CL",""),"CL"),""),IF(Parametre_2018!J$4<>"",IF(O61<=Parametre_2018!J$4,"CL",""),"CL"))),"MCL")),IF(Q61<>"",IF(AND(Q61>Parametre_2018!B$4,Q61<=Parametre_2018!H$4),IF(Parametre_2018!I$4<>"",IF(N61<=Parametre_2018!I$4,IF(Parametre_2018!J$4<>"",IF(O61<=Parametre_2018!J$4,"CL",""),"CL"),""),IF(Parametre_2018!J$4<>"",IF(O61<=Parametre_2018!J$4,"CL",""),"CL")),""),"")),"")
A62: 115 | B62: A | C62: Vozár | D62: Filip | E62: Bc. | F62: IS 2 | G62: 43263 | H62: 5u-IS | I62: Šimko | J62: Pikuliak | K62: Analýza sentimentu názoru na zadaný objekt z textu | L62: doc. Ing. Marián Šimko, PhD. | M62: Ing. Matúš Pikuliak | N62: C | O62: B | P62: 2.06 | Q62: 1.86 | U62: =IF(OR(V62<>"",Y62<>"",AB62<>""),"Navrh","") | Y62: =IF(Q62<>"",IF(Q62<=1.2,IF(O62="A","CR",IF(V62<>"",IF(Parametre_2018!N$4=1,IF(LEFT(V62,1)="1",IF(V62<>"",IF(Parametre_2018!O$4<>"",IF(N62<=Parametre_2018!O$4,IF(V62<>"",IF(Parametre_2018!P$4<>"",IF(O62<=Parametre_2018!P$4,"PLD",""),"PLD"),""),""),IF(V62<>"",IF(Parametre_2018!P$4<>"",IF(O62<=Parametre_2018!P$4,"PLD",""),"PLD"),"")),""),""),IF(V62<>"",IF(Parametre_2018!O$4<>"",IF(N62<=Parametre_2018!O$4,IF(V62<>"",IF(Parametre_2018!P$4<>"",IF(O62<=Parametre_2018!P$4,"PLD",""),"PLD"),""),""),IF(V62<>"",IF(Parametre_2018!P$4<>"",IF(O62<=Parametre_2018!P$4,"PLD",""),"PLD"),"")),"")),"")),IF(V62<>"",IF(Parametre_2018!N$4=1,IF(LEFT(V62,1)="1",IF(V62<>"",IF(Parametre_2018!O$4<>"",IF(N62<=Parametre_2018!O$4,IF(V62<>"",IF(Parametre_2018!P$4<>"",IF(O62<=Parametre_2018!P$4,"PLD",""),"PLD"),""),""),IF(V62<>"",IF(Parametre_2018!P$4<>"",IF(O62<=Parametre_2018!P$4,"PLD",""),"PLD"),"")),""),""),IF(V62<>"",IF(Parametre_2018!O$4<>"",IF(N62<=Parametre_2018!O$4,IF(V62<>"",IF(Parametre_2018!P$4<>"",IF(O62<=Parametre_2018!P$4,"PLD",""),"PLD"),""),""),IF(V62<>"",IF(Parametre_2018!P$4<>"",IF(O62<=Parametre_2018!P$4,"PLD",""),"PLD"),"")),"")),"")),"") | AB62: =IF(Q62<>"",IF(Q62<=Parametre_2018!B$4,IF(Parametre_2018!C$4<>"",IF(N62<=Parametre_2018!C$4,IF(Parametre_2018!D$4<>"",IF(O62<=Parametre_2018!D$4,"MCL",IF(Parametre_2018!I$4<>"",IF(N62<=Parametre_2018!I$4,IF(Parametre_2018!J$4<>"",IF(O62<=Parametre_2018!J$4,"CL",""),"CL"),""),IF(Parametre_2018!J$4<>"",IF(O62<=Parametre_2018!J$4,"CL",""),"CL"))),"MCL"),IF(Parametre_2018!I$4<>"",IF(N62<=Parametre_2018!I$4,IF(Parametre_2018!J$4<>"",IF(O62<=Parametre_2018!J$4,"CL",""),"CL"),""),IF(Parametre_2018!J$4<>"",IF(O62<=Parametre_2018!J$4,"CL",""),"CL"))),IF(Parametre_2018!D$4<>"",IF(O62<=Parametre_2018!D$4,"MCL",IF(Parametre_2018!I$4<>"",IF(N62<=Parametre_2018!I$4,IF(Parametre_2018!J$4<>"",IF(O62<=Parametre_2018!J$4,"CL",""),"CL"),""),IF(Parametre_2018!J$4<>"",IF(O62<=Parametre_2018!J$4,"CL",""),"CL"))),"MCL")),IF(Q62<>"",IF(AND(Q62>Parametre_2018!B$4,Q62<=Parametre_2018!H$4),IF(Parametre_2018!I$4<>"",IF(N62<=Parametre_2018!I$4,IF(Parametre_2018!J$4<>"",IF(O62<=Parametre_2018!J$4,"CL",""),"CL"),""),IF(Parametre_2018!J$4<>"",IF(O62<=Parametre_2018!J$4,"CL",""),"CL")),""),"")),"")
A63: 97 | B63: A | C63: Sokolík | D63: Tomáš | E63: Bc. | F63: SI 2 | G63: 43262 | H63: 8p-SI | I63: Kotuliak | J63: Košťál | K63: Distribuovaný systém v internete vecí zameraný na energetickú efektivitu | L63: Ing. Peter Pištek, PhD. | M63: Ing. Ondrej Perešíni | N63: B | O63: C | P63: 1.79 | Q63: 1.87 | U63: =IF(OR(V63<>"",Y63<>"",AB63<>""),"Navrh","") | Y63: =IF(Q63<>"",IF(Q63<=1.2,IF(O63="A","CR",IF(V63<>"",IF(Parametre_2018!N$4=1,IF(LEFT(V63,1)="1",IF(V63<>"",IF(Parametre_2018!O$4<>"",IF(N63<=Parametre_2018!O$4,IF(V63<>"",IF(Parametre_2018!P$4<>"",IF(O63<=Parametre_2018!P$4,"PLD",""),"PLD"),""),""),IF(V63<>"",IF(Parametre_2018!P$4<>"",IF(O63<=Parametre_2018!P$4,"PLD",""),"PLD"),"")),""),""),IF(V63<>"",IF(Parametre_2018!O$4<>"",IF(N63<=Parametre_2018!O$4,IF(V63<>"",IF(Parametre_2018!P$4<>"",IF(O63<=Parametre_2018!P$4,"PLD",""),"PLD"),""),""),IF(V63<>"",IF(Parametre_2018!P$4<>"",IF(O63<=Parametre_2018!P$4,"PLD",""),"PLD"),"")),"")),"")),IF(V63<>"",IF(Parametre_2018!N$4=1,IF(LEFT(V63,1)="1",IF(V63<>"",IF(Parametre_2018!O$4<>"",IF(N63<=Parametre_2018!O$4,IF(V63<>"",IF(Parametre_2018!P$4<>"",IF(O63<=Parametre_2018!P$4,"PLD",""),"PLD"),""),""),IF(V63<>"",IF(Parametre_2018!P$4<>"",IF(O63<=Parametre_2018!P$4,"PLD",""),"PLD"),"")),""),""),IF(V63<>"",IF(Parametre_2018!O$4<>"",IF(N63<=Parametre_2018!O$4,IF(V63<>"",IF(Parametre_2018!P$4<>"",IF(O63<=Parametre_2018!P$4,"PLD",""),"PLD"),""),""),IF(V63<>"",IF(Parametre_2018!P$4<>"",IF(O63<=Parametre_2018!P$4,"PLD",""),"PLD"),"")),"")),"")),"") | AB63: =IF(Q63<>"",IF(Q63<=Parametre_2018!B$4,IF(Parametre_2018!C$4<>"",IF(N63<=Parametre_2018!C$4,IF(Parametre_2018!D$4<>"",IF(O63<=Parametre_2018!D$4,"MCL",IF(Parametre_2018!I$4<>"",IF(N63<=Parametre_2018!I$4,IF(Parametre_2018!J$4<>"",IF(O63<=Parametre_2018!J$4,"CL",""),"CL"),""),IF(Parametre_2018!J$4<>"",IF(O63<=Parametre_2018!J$4,"CL",""),"CL"))),"MCL"),IF(Parametre_2018!I$4<>"",IF(N63<=Parametre_2018!I$4,IF(Parametre_2018!J$4<>"",IF(O63<=Parametre_2018!J$4,"CL",""),"CL"),""),IF(Parametre_2018!J$4<>"",IF(O63<=Parametre_2018!J$4,"CL",""),"CL"))),IF(Parametre_2018!D$4<>"",IF(O63<=Parametre_2018!D$4,"MCL",IF(Parametre_2018!I$4<>"",IF(N63<=Parametre_2018!I$4,IF(Parametre_2018!J$4<>"",IF(O63<=Parametre_2018!J$4,"CL",""),"CL"),""),IF(Parametre_2018!J$4<>"",IF(O63<=Parametre_2018!J$4,"CL",""),"CL"))),"MCL")),IF(Q63<>"",IF(AND(Q63>Parametre_2018!B$4,Q63<=Parametre_2018!H$4),IF(Parametre_2018!I$4<>"",IF(N63<=Parametre_2018!I$4,IF(Parametre_2018!J$4<>"",IF(O63<=Parametre_2018!J$4,"CL",""),"CL"),""),IF(Parametre_2018!J$4<>"",IF(O63<=Parametre_2018!J$4,"CL",""),"CL")),""),"")),"")
A64: 42 | B64: A | C64: Haščič | D64: Miroslav | E64: Bc. | F64: SI 2 | G64: 43263 | H64: 2u-SI | I64: Návrat | J64: Vincúr | K64: Refaktorovanie softvérových systémov s multiagentovým prehľadávaním pracovného priestoru | L64: doc. Ing. Ivan Polášek, PhD. | M64: Ing. Karol Rástočný, PhD. | N64: D | O64: C | P64: 1.78 | Q64: 1.88 | U64: =IF(OR(V64<>"",Y64<>"",AB64<>""),"Navrh","") | Y64: =IF(Q64<>"",IF(Q64<=1.2,IF(O64="A","CR",IF(V64<>"",IF(Parametre_2018!N$4=1,IF(LEFT(V64,1)="1",IF(V64<>"",IF(Parametre_2018!O$4<>"",IF(N64<=Parametre_2018!O$4,IF(V64<>"",IF(Parametre_2018!P$4<>"",IF(O64<=Parametre_2018!P$4,"PLD",""),"PLD"),""),""),IF(V64<>"",IF(Parametre_2018!P$4<>"",IF(O64<=Parametre_2018!P$4,"PLD",""),"PLD"),"")),""),""),IF(V64<>"",IF(Parametre_2018!O$4<>"",IF(N64<=Parametre_2018!O$4,IF(V64<>"",IF(Parametre_2018!P$4<>"",IF(O64<=Parametre_2018!P$4,"PLD",""),"PLD"),""),""),IF(V64<>"",IF(Parametre_2018!P$4<>"",IF(O64<=Parametre_2018!P$4,"PLD",""),"PLD"),"")),"")),"")),IF(V64<>"",IF(Parametre_2018!N$4=1,IF(LEFT(V64,1)="1",IF(V64<>"",IF(Parametre_2018!O$4<>"",IF(N64<=Parametre_2018!O$4,IF(V64<>"",IF(Parametre_2018!P$4<>"",IF(O64<=Parametre_2018!P$4,"PLD",""),"PLD"),""),""),IF(V64<>"",IF(Parametre_2018!P$4<>"",IF(O64<=Parametre_2018!P$4,"PLD",""),"PLD"),"")),""),""),IF(V64<>"",IF(Parametre_2018!O$4<>"",IF(N64<=Parametre_2018!O$4,IF(V64<>"",IF(Parametre_2018!P$4<>"",IF(O64<=Parametre_2018!P$4,"PLD",""),"PLD"),""),""),IF(V64<>"",IF(Parametre_2018!P$4<>"",IF(O64<=Parametre_2018!P$4,"PLD",""),"PLD"),"")),"")),"")),"") | AB64: =IF(Q64<>"",IF(Q64<=Parametre_2018!B$4,IF(Parametre_2018!C$4<>"",IF(N64<=Parametre_2018!C$4,IF(Parametre_2018!D$4<>"",IF(O64<=Parametre_2018!D$4,"MCL",IF(Parametre_2018!I$4<>"",IF(N64<=Parametre_2018!I$4,IF(Parametre_2018!J$4<>"",IF(O64<=Parametre_2018!J$4,"CL",""),"CL"),""),IF(Parametre_2018!J$4<>"",IF(O64<=Parametre_2018!J$4,"CL",""),"CL"))),"MCL"),IF(Parametre_2018!I$4<>"",IF(N64<=Parametre_2018!I$4,IF(Parametre_2018!J$4<>"",IF(O64<=Parametre_2018!J$4,"CL",""),"CL"),""),IF(Parametre_2018!J$4<>"",IF(O64<=Parametre_2018!J$4,"CL",""),"CL"))),IF(Parametre_2018!D$4<>"",IF(O64<=Parametre_2018!D$4,"MCL",IF(Parametre_2018!I$4<>"",IF(N64<=Parametre_2018!I$4,IF(Parametre_2018!J$4<>"",IF(O64<=Parametre_2018!J$4,"CL",""),"CL"),""),IF(Parametre_2018!J$4<>"",IF(O64<=Parametre_2018!J$4,"CL",""),"CL"))),"MCL")),IF(Q64<>"",IF(AND(Q64>Parametre_2018!B$4,Q64<=Parametre_2018!H$4),IF(Parametre_2018!I$4<>"",IF(N64<=Parametre_2018!I$4,IF(Parametre_2018!J$4<>"",IF(O64<=Parametre_2018!J$4,"CL",""),"CL"),""),IF(Parametre_2018!J$4<>"",IF(O64<=Parametre_2018!J$4,"CL",""),"CL")),""),"")),"")
A65: 2 | B65: A | C65: Balážová | D65: Veronika | E65: Bc. | F65: IS 2 | G65: 43262 | H65: 4p-IS-SI | I65: Rozinajová | J65: Gašpar | K65: Predikcia osobnostných charakteristík používateľa na základe riešenia úloh na webe | L65: Ing. Róbert Móro, PhD. | M65: doc. Ing. Michal Kompan, PhD. | N65: B | O65: B | P65: 1.96 | Q65: 1.91 | U65: =IF(OR(V65<>"",Y65<>"",AB65<>""),"Navrh","") | X65: A | Y65: =IF(Q65<>"",IF(Q65<=1.2,IF(O65="A","CR",IF(V65<>"",IF(Parametre_2018!N$4=1,IF(LEFT(V65,1)="1",IF(V65<>"",IF(Parametre_2018!O$4<>"",IF(N65<=Parametre_2018!O$4,IF(V65<>"",IF(Parametre_2018!P$4<>"",IF(O65<=Parametre_2018!P$4,"PLD",""),"PLD"),""),""),IF(V65<>"",IF(Parametre_2018!P$4<>"",IF(O65<=Parametre_2018!P$4,"PLD",""),"PLD"),"")),""),""),IF(V65<>"",IF(Parametre_2018!O$4<>"",IF(N65<=Parametre_2018!O$4,IF(V65<>"",IF(Parametre_2018!P$4<>"",IF(O65<=Parametre_2018!P$4,"PLD",""),"PLD"),""),""),IF(V65<>"",IF(Parametre_2018!P$4<>"",IF(O65<=Parametre_2018!P$4,"PLD",""),"PLD"),"")),"")),"")),IF(V65<>"",IF(Parametre_2018!N$4=1,IF(LEFT(V65,1)="1",IF(V65<>"",IF(Parametre_2018!O$4<>"",IF(N65<=Parametre_2018!O$4,IF(V65<>"",IF(Parametre_2018!P$4<>"",IF(O65<=Parametre_2018!P$4,"PLD",""),"PLD"),""),""),IF(V65<>"",IF(Parametre_2018!P$4<>"",IF(O65<=Parametre_2018!P$4,"PLD",""),"PLD"),"")),""),""),IF(V65<>"",IF(Parametre_2018!O$4<>"",IF(N65<=Parametre_2018!O$4,IF(V65<>"",IF(Parametre_2018!P$4<>"",IF(O65<=Parametre_2018!P$4,"PLD",""),"PLD"),""),""),IF(V65<>"",IF(Parametre_2018!P$4<>"",IF(O65<=Parametre_2018!P$4,"PLD",""),"PLD"),"")),"")),"")),"") | AB65: =IF(Q65<>"",IF(Q65<=Parametre_2018!B$4,IF(Parametre_2018!C$4<>"",IF(N65<=Parametre_2018!C$4,IF(Parametre_2018!D$4<>"",IF(O65<=Parametre_2018!D$4,"MCL",IF(Parametre_2018!I$4<>"",IF(N65<=Parametre_2018!I$4,IF(Parametre_2018!J$4<>"",IF(O65<=Parametre_2018!J$4,"CL",""),"CL"),""),IF(Parametre_2018!J$4<>"",IF(O65<=Parametre_2018!J$4,"CL",""),"CL"))),"MCL"),IF(Parametre_2018!I$4<>"",IF(N65<=Parametre_2018!I$4,IF(Parametre_2018!J$4<>"",IF(O65<=Parametre_2018!J$4,"CL",""),"CL"),""),IF(Parametre_2018!J$4<>"",IF(O65<=Parametre_2018!J$4,"CL",""),"CL"))),IF(Parametre_2018!D$4<>"",IF(O65<=Parametre_2018!D$4,"MCL",IF(Parametre_2018!I$4<>"",IF(N65<=Parametre_2018!I$4,IF(Parametre_2018!J$4<>"",IF(O65<=Parametre_2018!J$4,"CL",""),"CL"),""),IF(Parametre_2018!J$4<>"",IF(O65<=Parametre_2018!J$4,"CL",""),"CL"))),"MCL")),IF(Q65<>"",IF(AND(Q65>Parametre_2018!B$4,Q65<=Parametre_2018!H$4),IF(Parametre_2018!I$4<>"",IF(N65<=Parametre_2018!I$4,IF(Parametre_2018!J$4<>"",IF(O65<=Parametre_2018!J$4,"CL",""),"CL"),""),IF(Parametre_2018!J$4<>"",IF(O65<=Parametre_2018!J$4,"CL",""),"CL")),""),"")),"")
A66: 116 | B66: A | C66: Vrban | D66: Anton Ján | E66: Bc. | F66: IS 2 | G66: 43263 | H66: 1u-IS | I66: Bieliková | J66: Konôpka | K66: Modelovanie a generovanie učebného obsahu | L66: Mgr. Jozef Tvarožek, PhD. | M66: Ing. Ján Lang, PhD. | N66: C | O66: B | P66: 2 | Q66: 1.92 | U66: =IF(OR(V66<>"",Y66<>"",AB66<>""),"Navrh","") | Y66: =IF(Q66<>"",IF(Q66<=1.2,IF(O66="A","CR",IF(V66<>"",IF(Parametre_2018!N$4=1,IF(LEFT(V66,1)="1",IF(V66<>"",IF(Parametre_2018!O$4<>"",IF(N66<=Parametre_2018!O$4,IF(V66<>"",IF(Parametre_2018!P$4<>"",IF(O66<=Parametre_2018!P$4,"PLD",""),"PLD"),""),""),IF(V66<>"",IF(Parametre_2018!P$4<>"",IF(O66<=Parametre_2018!P$4,"PLD",""),"PLD"),"")),""),""),IF(V66<>"",IF(Parametre_2018!O$4<>"",IF(N66<=Parametre_2018!O$4,IF(V66<>"",IF(Parametre_2018!P$4<>"",IF(O66<=Parametre_2018!P$4,"PLD",""),"PLD"),""),""),IF(V66<>"",IF(Parametre_2018!P$4<>"",IF(O66<=Parametre_2018!P$4,"PLD",""),"PLD"),"")),"")),"")),IF(V66<>"",IF(Parametre_2018!N$4=1,IF(LEFT(V66,1)="1",IF(V66<>"",IF(Parametre_2018!O$4<>"",IF(N66<=Parametre_2018!O$4,IF(V66<>"",IF(Parametre_2018!P$4<>"",IF(O66<=Parametre_2018!P$4,"PLD",""),"PLD"),""),""),IF(V66<>"",IF(Parametre_2018!P$4<>"",IF(O66<=Parametre_2018!P$4,"PLD",""),"PLD"),"")),""),""),IF(V66<>"",IF(Parametre_2018!O$4<>"",IF(N66<=Parametre_2018!O$4,IF(V66<>"",IF(Parametre_2018!P$4<>"",IF(O66<=Parametre_2018!P$4,"PLD",""),"PLD"),""),""),IF(V66<>"",IF(Parametre_2018!P$4<>"",IF(O66<=Parametre_2018!P$4,"PLD",""),"PLD"),"")),"")),"")),"") | AB66: =IF(Q66<>"",IF(Q66<=Parametre_2018!B$4,IF(Parametre_2018!C$4<>"",IF(N66<=Parametre_2018!C$4,IF(Parametre_2018!D$4<>"",IF(O66<=Parametre_2018!D$4,"MCL",IF(Parametre_2018!I$4<>"",IF(N66<=Parametre_2018!I$4,IF(Parametre_2018!J$4<>"",IF(O66<=Parametre_2018!J$4,"CL",""),"CL"),""),IF(Parametre_2018!J$4<>"",IF(O66<=Parametre_2018!J$4,"CL",""),"CL"))),"MCL"),IF(Parametre_2018!I$4<>"",IF(N66<=Parametre_2018!I$4,IF(Parametre_2018!J$4<>"",IF(O66<=Parametre_2018!J$4,"CL",""),"CL"),""),IF(Parametre_2018!J$4<>"",IF(O66<=Parametre_2018!J$4,"CL",""),"CL"))),IF(Parametre_2018!D$4<>"",IF(O66<=Parametre_2018!D$4,"MCL",IF(Parametre_2018!I$4<>"",IF(N66<=Parametre_2018!I$4,IF(Parametre_2018!J$4<>"",IF(O66<=Parametre_2018!J$4,"CL",""),"CL"),""),IF(Parametre_2018!J$4<>"",IF(O66<=Parametre_2018!J$4,"CL",""),"CL"))),"MCL")),IF(Q66<>"",IF(AND(Q66>Parametre_2018!B$4,Q66<=Parametre_2018!H$4),IF(Parametre_2018!I$4<>"",IF(N66<=Parametre_2018!I$4,IF(Parametre_2018!J$4<>"",IF(O66<=Parametre_2018!J$4,"CL",""),"CL"),""),IF(Parametre_2018!J$4<>"",IF(O66<=Parametre_2018!J$4,"CL",""),"CL")),""),"")),"")
A67: 58 | B67: A | C67: Kren | D67: Michal | E67: Bc. | F67: IS 2 | G67: 43262 | H67: 4p-IS-SI | I67: Rozinajová | J67: Gašpar | K67: Zabezpečenie robustnosti voči zmenám webových stránok počas extrakcie dát z webu | L67: Ing. Ivan Srba, PhD. | M67: doc. Ing. Michal Kompan, PhD. | N67: B | O67: B | P67: 1.98 | Q67: 1.93 | U67: =IF(OR(V67<>"",Y67<>"",AB67<>""),"Navrh","") | X67: A | Y67: =IF(Q67<>"",IF(Q67<=1.2,IF(O67="A","CR",IF(V67<>"",IF(Parametre_2018!N$4=1,IF(LEFT(V67,1)="1",IF(V67<>"",IF(Parametre_2018!O$4<>"",IF(N67<=Parametre_2018!O$4,IF(V67<>"",IF(Parametre_2018!P$4<>"",IF(O67<=Parametre_2018!P$4,"PLD",""),"PLD"),""),""),IF(V67<>"",IF(Parametre_2018!P$4<>"",IF(O67<=Parametre_2018!P$4,"PLD",""),"PLD"),"")),""),""),IF(V67<>"",IF(Parametre_2018!O$4<>"",IF(N67<=Parametre_2018!O$4,IF(V67<>"",IF(Parametre_2018!P$4<>"",IF(O67<=Parametre_2018!P$4,"PLD",""),"PLD"),""),""),IF(V67<>"",IF(Parametre_2018!P$4<>"",IF(O67<=Parametre_2018!P$4,"PLD",""),"PLD"),"")),"")),"")),IF(V67<>"",IF(Parametre_2018!N$4=1,IF(LEFT(V67,1)="1",IF(V67<>"",IF(Parametre_2018!O$4<>"",IF(N67<=Parametre_2018!O$4,IF(V67<>"",IF(Parametre_2018!P$4<>"",IF(O67<=Parametre_2018!P$4,"PLD",""),"PLD"),""),""),IF(V67<>"",IF(Parametre_2018!P$4<>"",IF(O67<=Parametre_2018!P$4,"PLD",""),"PLD"),"")),""),""),IF(V67<>"",IF(Parametre_2018!O$4<>"",IF(N67<=Parametre_2018!O$4,IF(V67<>"",IF(Parametre_2018!P$4<>"",IF(O67<=Parametre_2018!P$4,"PLD",""),"PLD"),""),""),IF(V67<>"",IF(Parametre_2018!P$4<>"",IF(O67<=Parametre_2018!P$4,"PLD",""),"PLD"),"")),"")),"")),"") | AB67: =IF(Q67<>"",IF(Q67<=Parametre_2018!B$4,IF(Parametre_2018!C$4<>"",IF(N67<=Parametre_2018!C$4,IF(Parametre_2018!D$4<>"",IF(O67<=Parametre_2018!D$4,"MCL",IF(Parametre_2018!I$4<>"",IF(N67<=Parametre_2018!I$4,IF(Parametre_2018!J$4<>"",IF(O67<=Parametre_2018!J$4,"CL",""),"CL"),""),IF(Parametre_2018!J$4<>"",IF(O67<=Parametre_2018!J$4,"CL",""),"CL"))),"MCL"),IF(Parametre_2018!I$4<>"",IF(N67<=Parametre_2018!I$4,IF(Parametre_2018!J$4<>"",IF(O67<=Parametre_2018!J$4,"CL",""),"CL"),""),IF(Parametre_2018!J$4<>"",IF(O67<=Parametre_2018!J$4,"CL",""),"CL"))),IF(Parametre_2018!D$4<>"",IF(O67<=Parametre_2018!D$4,"MCL",IF(Parametre_2018!I$4<>"",IF(N67<=Parametre_2018!I$4,IF(Parametre_2018!J$4<>"",IF(O67<=Parametre_2018!J$4,"CL",""),"CL"),""),IF(Parametre_2018!J$4<>"",IF(O67<=Parametre_2018!J$4,"CL",""),"CL"))),"MCL")),IF(Q67<>"",IF(AND(Q67>Parametre_2018!B$4,Q67<=Parametre_2018!H$4),IF(Parametre_2018!I$4<>"",IF(N67<=Parametre_2018!I$4,IF(Parametre_2018!J$4<>"",IF(O67<=Parametre_2018!J$4,"CL",""),"CL"),""),IF(Parametre_2018!J$4<>"",IF(O67<=Parametre_2018!J$4,"CL",""),"CL")),""),"")),"")
A68: 89 | B68: A | C68: Račko | D68: Lukáš | E68: Bc. | F68: SI 2 | G68: 43262 | H68: 6p-IS-SI | I68: Chudá | J68: Petrík | K68: Bezpečná autorizácia prostredníctvom mobilných zariadení | L68: doc. Ing. Ladislav Hudec, CSc. | M68: Ing. Peter Pištek, PhD. | N68: B | O68: B | P68: 1.99 | Q68: 1.93 | U68: =IF(OR(V68<>"",Y68<>"",AB68<>""),"Navrh","") | X68: A | Y68: =IF(Q68<>"",IF(Q68<=1.2,IF(O68="A","CR",IF(V68<>"",IF(Parametre_2018!N$4=1,IF(LEFT(V68,1)="1",IF(V68<>"",IF(Parametre_2018!O$4<>"",IF(N68<=Parametre_2018!O$4,IF(V68<>"",IF(Parametre_2018!P$4<>"",IF(O68<=Parametre_2018!P$4,"PLD",""),"PLD"),""),""),IF(V68<>"",IF(Parametre_2018!P$4<>"",IF(O68<=Parametre_2018!P$4,"PLD",""),"PLD"),"")),""),""),IF(V68<>"",IF(Parametre_2018!O$4<>"",IF(N68<=Parametre_2018!O$4,IF(V68<>"",IF(Parametre_2018!P$4<>"",IF(O68<=Parametre_2018!P$4,"PLD",""),"PLD"),""),""),IF(V68<>"",IF(Parametre_2018!P$4<>"",IF(O68<=Parametre_2018!P$4,"PLD",""),"PLD"),"")),"")),"")),IF(V68<>"",IF(Parametre_2018!N$4=1,IF(LEFT(V68,1)="1",IF(V68<>"",IF(Parametre_2018!O$4<>"",IF(N68<=Parametre_2018!O$4,IF(V68<>"",IF(Parametre_2018!P$4<>"",IF(O68<=Parametre_2018!P$4,"PLD",""),"PLD"),""),""),IF(V68<>"",IF(Parametre_2018!P$4<>"",IF(O68<=Parametre_2018!P$4,"PLD",""),"PLD"),"")),""),""),IF(V68<>"",IF(Parametre_2018!O$4<>"",IF(N68<=Parametre_2018!O$4,IF(V68<>"",IF(Parametre_2018!P$4<>"",IF(O68<=Parametre_2018!P$4,"PLD",""),"PLD"),""),""),IF(V68<>"",IF(Parametre_2018!P$4<>"",IF(O68<=Parametre_2018!P$4,"PLD",""),"PLD"),"")),"")),"")),"") | AB68: =IF(Q68<>"",IF(Q68<=Parametre_2018!B$4,IF(Parametre_2018!C$4<>"",IF(N68<=Parametre_2018!C$4,IF(Parametre_2018!D$4<>"",IF(O68<=Parametre_2018!D$4,"MCL",IF(Parametre_2018!I$4<>"",IF(N68<=Parametre_2018!I$4,IF(Parametre_2018!J$4<>"",IF(O68<=Parametre_2018!J$4,"CL",""),"CL"),""),IF(Parametre_2018!J$4<>"",IF(O68<=Parametre_2018!J$4,"CL",""),"CL"))),"MCL"),IF(Parametre_2018!I$4<>"",IF(N68<=Parametre_2018!I$4,IF(Parametre_2018!J$4<>"",IF(O68<=Parametre_2018!J$4,"CL",""),"CL"),""),IF(Parametre_2018!J$4<>"",IF(O68<=Parametre_2018!J$4,"CL",""),"CL"))),IF(Parametre_2018!D$4<>"",IF(O68<=Parametre_2018!D$4,"MCL",IF(Parametre_2018!I$4<>"",IF(N68<=Parametre_2018!I$4,IF(Parametre_2018!J$4<>"",IF(O68<=Parametre_2018!J$4,"CL",""),"CL"),""),IF(Parametre_2018!J$4<>"",IF(O68<=Parametre_2018!J$4,"CL",""),"CL"))),"MCL")),IF(Q68<>"",IF(AND(Q68>Parametre_2018!B$4,Q68<=Parametre_2018!H$4),IF(Parametre_2018!I$4<>"",IF(N68<=Parametre_2018!I$4,IF(Parametre_2018!J$4<>"",IF(O68<=Parametre_2018!J$4,"CL",""),"CL"),""),IF(Parametre_2018!J$4<>"",IF(O68<=Parametre_2018!J$4,"CL",""),"CL")),""),"")),"")
A69: 4 | B69: A | C69: Belai | D69: Peter | E69: Bc. | F69: IS 2 | G69: 43262 | H69: 3p-IS-SI | I69: Lucká | J69: Laurinec | K69: Zhlukovanie veľkých časových radov | L69: Mgr. Peter Laurinec | M69: Ing. Jaroslav Loebl | N69: D | O69: B | P69: 2 | Q69: 1.94 | U69: =IF(OR(V69<>"",Y69<>"",AB69<>""),"Navrh","") | X69: A | Y69: =IF(Q69<>"",IF(Q69<=1.2,IF(O69="A","CR",IF(V69<>"",IF(Parametre_2018!N$4=1,IF(LEFT(V69,1)="1",IF(V69<>"",IF(Parametre_2018!O$4<>"",IF(N69<=Parametre_2018!O$4,IF(V69<>"",IF(Parametre_2018!P$4<>"",IF(O69<=Parametre_2018!P$4,"PLD",""),"PLD"),""),""),IF(V69<>"",IF(Parametre_2018!P$4<>"",IF(O69<=Parametre_2018!P$4,"PLD",""),"PLD"),"")),""),""),IF(V69<>"",IF(Parametre_2018!O$4<>"",IF(N69<=Parametre_2018!O$4,IF(V69<>"",IF(Parametre_2018!P$4<>"",IF(O69<=Parametre_2018!P$4,"PLD",""),"PLD"),""),""),IF(V69<>"",IF(Parametre_2018!P$4<>"",IF(O69<=Parametre_2018!P$4,"PLD",""),"PLD"),"")),"")),"")),IF(V69<>"",IF(Parametre_2018!N$4=1,IF(LEFT(V69,1)="1",IF(V69<>"",IF(Parametre_2018!O$4<>"",IF(N69<=Parametre_2018!O$4,IF(V69<>"",IF(Parametre_2018!P$4<>"",IF(O69<=Parametre_2018!P$4,"PLD",""),"PLD"),""),""),IF(V69<>"",IF(Parametre_2018!P$4<>"",IF(O69<=Parametre_2018!P$4,"PLD",""),"PLD"),"")),""),""),IF(V69<>"",IF(Parametre_2018!O$4<>"",IF(N69<=Parametre_2018!O$4,IF(V69<>"",IF(Parametre_2018!P$4<>"",IF(O69<=Parametre_2018!P$4,"PLD",""),"PLD"),""),""),IF(V69<>"",IF(Parametre_2018!P$4<>"",IF(O69<=Parametre_2018!P$4,"PLD",""),"PLD"),"")),"")),"")),"") | AB69: =IF(Q69<>"",IF(Q69<=Parametre_2018!B$4,IF(Parametre_2018!C$4<>"",IF(N69<=Parametre_2018!C$4,IF(Parametre_2018!D$4<>"",IF(O69<=Parametre_2018!D$4,"MCL",IF(Parametre_2018!I$4<>"",IF(N69<=Parametre_2018!I$4,IF(Parametre_2018!J$4<>"",IF(O69<=Parametre_2018!J$4,"CL",""),"CL"),""),IF(Parametre_2018!J$4<>"",IF(O69<=Parametre_2018!J$4,"CL",""),"CL"))),"MCL"),IF(Parametre_2018!I$4<>"",IF(N69<=Parametre_2018!I$4,IF(Parametre_2018!J$4<>"",IF(O69<=Parametre_2018!J$4,"CL",""),"CL"),""),IF(Parametre_2018!J$4<>"",IF(O69<=Parametre_2018!J$4,"CL",""),"CL"))),IF(Parametre_2018!D$4<>"",IF(O69<=Parametre_2018!D$4,"MCL",IF(Parametre_2018!I$4<>"",IF(N69<=Parametre_2018!I$4,IF(Parametre_2018!J$4<>"",IF(O69<=Parametre_2018!J$4,"CL",""),"CL"),""),IF(Parametre_2018!J$4<>"",IF(O69<=Parametre_2018!J$4,"CL",""),"CL"))),"MCL")),IF(Q69<>"",IF(AND(Q69>Parametre_2018!B$4,Q69<=Parametre_2018!H$4),IF(Parametre_2018!I$4<>"",IF(N69<=Parametre_2018!I$4,IF(Parametre_2018!J$4<>"",IF(O69<=Parametre_2018!J$4,"CL",""),"CL"),""),IF(Parametre_2018!J$4<>"",IF(O69<=Parametre_2018!J$4,"CL",""),"CL")),""),"")),"")
A70: 33 | B70: A | C70: Gáspár | D70: Matúš | E70: Bc. | F70: SI 2 | G70: 43262 | H70: 2p-IS-SI | I70: Návrat | J70: Farkaš | K70: Pravidlá písania zdrojového kódu - nutnosť alebo fetiš? | L70: Ing. Martin Konôpka | M70: Mgr. Jozef Tvarožek, PhD. | N70: D | O70: D | P70: 1.75 | Q70: 1.94 | U70: =IF(OR(V70<>"",Y70<>"",AB70<>""),"Navrh","") | Y70: =IF(Q70<>"",IF(Q70<=1.2,IF(O70="A","CR",IF(V70<>"",IF(Parametre_2018!N$4=1,IF(LEFT(V70,1)="1",IF(V70<>"",IF(Parametre_2018!O$4<>"",IF(N70<=Parametre_2018!O$4,IF(V70<>"",IF(Parametre_2018!P$4<>"",IF(O70<=Parametre_2018!P$4,"PLD",""),"PLD"),""),""),IF(V70<>"",IF(Parametre_2018!P$4<>"",IF(O70<=Parametre_2018!P$4,"PLD",""),"PLD"),"")),""),""),IF(V70<>"",IF(Parametre_2018!O$4<>"",IF(N70<=Parametre_2018!O$4,IF(V70<>"",IF(Parametre_2018!P$4<>"",IF(O70<=Parametre_2018!P$4,"PLD",""),"PLD"),""),""),IF(V70<>"",IF(Parametre_2018!P$4<>"",IF(O70<=Parametre_2018!P$4,"PLD",""),"PLD"),"")),"")),"")),IF(V70<>"",IF(Parametre_2018!N$4=1,IF(LEFT(V70,1)="1",IF(V70<>"",IF(Parametre_2018!O$4<>"",IF(N70<=Parametre_2018!O$4,IF(V70<>"",IF(Parametre_2018!P$4<>"",IF(O70<=Parametre_2018!P$4,"PLD",""),"PLD"),""),""),IF(V70<>"",IF(Parametre_2018!P$4<>"",IF(O70<=Parametre_2018!P$4,"PLD",""),"PLD"),"")),""),""),IF(V70<>"",IF(Parametre_2018!O$4<>"",IF(N70<=Parametre_2018!O$4,IF(V70<>"",IF(Parametre_2018!P$4<>"",IF(O70<=Parametre_2018!P$4,"PLD",""),"PLD"),""),""),IF(V70<>"",IF(Parametre_2018!P$4<>"",IF(O70<=Parametre_2018!P$4,"PLD",""),"PLD"),"")),"")),"")),"") | AB70: =IF(Q70<>"",IF(Q70<=Parametre_2018!B$4,IF(Parametre_2018!C$4<>"",IF(N70<=Parametre_2018!C$4,IF(Parametre_2018!D$4<>"",IF(O70<=Parametre_2018!D$4,"MCL",IF(Parametre_2018!I$4<>"",IF(N70<=Parametre_2018!I$4,IF(Parametre_2018!J$4<>"",IF(O70<=Parametre_2018!J$4,"CL",""),"CL"),""),IF(Parametre_2018!J$4<>"",IF(O70<=Parametre_2018!J$4,"CL",""),"CL"))),"MCL"),IF(Parametre_2018!I$4<>"",IF(N70<=Parametre_2018!I$4,IF(Parametre_2018!J$4<>"",IF(O70<=Parametre_2018!J$4,"CL",""),"CL"),""),IF(Parametre_2018!J$4<>"",IF(O70<=Parametre_2018!J$4,"CL",""),"CL"))),IF(Parametre_2018!D$4<>"",IF(O70<=Parametre_2018!D$4,"MCL",IF(Parametre_2018!I$4<>"",IF(N70<=Parametre_2018!I$4,IF(Parametre_2018!J$4<>"",IF(O70<=Parametre_2018!J$4,"CL",""),"CL"),""),IF(Parametre_2018!J$4<>"",IF(O70<=Parametre_2018!J$4,"CL",""),"CL"))),"MCL")),IF(Q70<>"",IF(AND(Q70>Parametre_2018!B$4,Q70<=Parametre_2018!H$4),IF(Parametre_2018!I$4<>"",IF(N70<=Parametre_2018!I$4,IF(Parametre_2018!J$4<>"",IF(O70<=Parametre_2018!J$4,"CL",""),"CL"),""),IF(Parametre_2018!J$4<>"",IF(O70<=Parametre_2018!J$4,"CL",""),"CL")),""),"")),"")
A71: 88 | B71: A | C71: Rác | D71: Miroslav | E71: Bc. | F71: IS 2 | G71: 43262 | H71: 2p-IS-SI | I71: Návrat | J71: Farkaš | K71: Predpoveď akcie používateľa na základe práce s počítačovou myšou | L71: Ing. Peter Krátky, PhD. | M71: Ing. Kamil Burda | N71: B | O71: B | P71: 1.99 | Q71: 1.94 | R71: D-IIS | U71: =IF(OR(V71<>"",Y71<>"",AB71<>""),"Navrh","") | Y71: =IF(Q71<>"",IF(Q71<=1.2,IF(O71="A","CR",IF(V71<>"",IF(Parametre_2018!N$4=1,IF(LEFT(V71,1)="1",IF(V71<>"",IF(Parametre_2018!O$4<>"",IF(N71<=Parametre_2018!O$4,IF(V71<>"",IF(Parametre_2018!P$4<>"",IF(O71<=Parametre_2018!P$4,"PLD",""),"PLD"),""),""),IF(V71<>"",IF(Parametre_2018!P$4<>"",IF(O71<=Parametre_2018!P$4,"PLD",""),"PLD"),"")),""),""),IF(V71<>"",IF(Parametre_2018!O$4<>"",IF(N71<=Parametre_2018!O$4,IF(V71<>"",IF(Parametre_2018!P$4<>"",IF(O71<=Parametre_2018!P$4,"PLD",""),"PLD"),""),""),IF(V71<>"",IF(Parametre_2018!P$4<>"",IF(O71<=Parametre_2018!P$4,"PLD",""),"PLD"),"")),"")),"")),IF(V71<>"",IF(Parametre_2018!N$4=1,IF(LEFT(V71,1)="1",IF(V71<>"",IF(Parametre_2018!O$4<>"",IF(N71<=Parametre_2018!O$4,IF(V71<>"",IF(Parametre_2018!P$4<>"",IF(O71<=Parametre_2018!P$4,"PLD",""),"PLD"),""),""),IF(V71<>"",IF(Parametre_2018!P$4<>"",IF(O71<=Parametre_2018!P$4,"PLD",""),"PLD"),"")),""),""),IF(V71<>"",IF(Parametre_2018!O$4<>"",IF(N71<=Parametre_2018!O$4,IF(V71<>"",IF(Parametre_2018!P$4<>"",IF(O71<=Parametre_2018!P$4,"PLD",""),"PLD"),""),""),IF(V71<>"",IF(Parametre_2018!P$4<>"",IF(O71<=Parametre_2018!P$4,"PLD",""),"PLD"),"")),"")),"")),"") | AB71: =IF(Q71<>"",IF(Q71<=Parametre_2018!B$4,IF(Parametre_2018!C$4<>"",IF(N71<=Parametre_2018!C$4,IF(Parametre_2018!D$4<>"",IF(O71<=Parametre_2018!D$4,"MCL",IF(Parametre_2018!I$4<>"",IF(N71<=Parametre_2018!I$4,IF(Parametre_2018!J$4<>"",IF(O71<=Parametre_2018!J$4,"CL",""),"CL"),""),IF(Parametre_2018!J$4<>"",IF(O71<=Parametre_2018!J$4,"CL",""),"CL"))),"MCL"),IF(Parametre_2018!I$4<>"",IF(N71<=Parametre_2018!I$4,IF(Parametre_2018!J$4<>"",IF(O71<=Parametre_2018!J$4,"CL",""),"CL"),""),IF(Parametre_2018!J$4<>"",IF(O71<=Parametre_2018!J$4,"CL",""),"CL"))),IF(Parametre_2018!D$4<>"",IF(O71<=Parametre_2018!D$4,"MCL",IF(Parametre_2018!I$4<>"",IF(N71<=Parametre_2018!I$4,IF(Parametre_2018!J$4<>"",IF(O71<=Parametre_2018!J$4,"CL",""),"CL"),""),IF(Parametre_2018!J$4<>"",IF(O71<=Parametre_2018!J$4,"CL",""),"CL"))),"MCL")),IF(Q71<>"",IF(AND(Q71>Parametre_2018!B$4,Q71<=Parametre_2018!H$4),IF(Parametre_2018!I$4<>"",IF(N71<=Parametre_2018!I$4,IF(Parametre_2018!J$4<>"",IF(O71<=Parametre_2018!J$4,"CL",""),"CL"),""),IF(Parametre_2018!J$4<>"",IF(O71<=Parametre_2018!J$4,"CL",""),"CL")),""),"")),"")
A72: 86 | B72: A | C72: Prekala | D72: Martin | E72: Bc. | F72: IS 2 | G72: 43263 | H72: 4u-IS | I72: Rozinajová | J72: Vrablecová | K72: Optimalizácia spotreby a výroby elektrickej energie | L72: doc. Ing. Viera Rozinajová, PhD. | M72: Ing. Petra Vrablecová | N72: B | O72: B | P72: 2.06 | Q72: 1.96 | U72: =IF(OR(V72<>"",Y72<>"",AB72<>""),"Navrh","") | Y72: =IF(Q72<>"",IF(Q72<=1.2,IF(O72="A","CR",IF(V72<>"",IF(Parametre_2018!N$4=1,IF(LEFT(V72,1)="1",IF(V72<>"",IF(Parametre_2018!O$4<>"",IF(N72<=Parametre_2018!O$4,IF(V72<>"",IF(Parametre_2018!P$4<>"",IF(O72<=Parametre_2018!P$4,"PLD",""),"PLD"),""),""),IF(V72<>"",IF(Parametre_2018!P$4<>"",IF(O72<=Parametre_2018!P$4,"PLD",""),"PLD"),"")),""),""),IF(V72<>"",IF(Parametre_2018!O$4<>"",IF(N72<=Parametre_2018!O$4,IF(V72<>"",IF(Parametre_2018!P$4<>"",IF(O72<=Parametre_2018!P$4,"PLD",""),"PLD"),""),""),IF(V72<>"",IF(Parametre_2018!P$4<>"",IF(O72<=Parametre_2018!P$4,"PLD",""),"PLD"),"")),"")),"")),IF(V72<>"",IF(Parametre_2018!N$4=1,IF(LEFT(V72,1)="1",IF(V72<>"",IF(Parametre_2018!O$4<>"",IF(N72<=Parametre_2018!O$4,IF(V72<>"",IF(Parametre_2018!P$4<>"",IF(O72<=Parametre_2018!P$4,"PLD",""),"PLD"),""),""),IF(V72<>"",IF(Parametre_2018!P$4<>"",IF(O72<=Parametre_2018!P$4,"PLD",""),"PLD"),"")),""),""),IF(V72<>"",IF(Parametre_2018!O$4<>"",IF(N72<=Parametre_2018!O$4,IF(V72<>"",IF(Parametre_2018!P$4<>"",IF(O72<=Parametre_2018!P$4,"PLD",""),"PLD"),""),""),IF(V72<>"",IF(Parametre_2018!P$4<>"",IF(O72<=Parametre_2018!P$4,"PLD",""),"PLD"),"")),"")),"")),"") | AB72: =IF(Q72<>"",IF(Q72<=Parametre_2018!B$4,IF(Parametre_2018!C$4<>"",IF(N72<=Parametre_2018!C$4,IF(Parametre_2018!D$4<>"",IF(O72<=Parametre_2018!D$4,"MCL",IF(Parametre_2018!I$4<>"",IF(N72<=Parametre_2018!I$4,IF(Parametre_2018!J$4<>"",IF(O72<=Parametre_2018!J$4,"CL",""),"CL"),""),IF(Parametre_2018!J$4<>"",IF(O72<=Parametre_2018!J$4,"CL",""),"CL"))),"MCL"),IF(Parametre_2018!I$4<>"",IF(N72<=Parametre_2018!I$4,IF(Parametre_2018!J$4<>"",IF(O72<=Parametre_2018!J$4,"CL",""),"CL"),""),IF(Parametre_2018!J$4<>"",IF(O72<=Parametre_2018!J$4,"CL",""),"CL"))),IF(Parametre_2018!D$4<>"",IF(O72<=Parametre_2018!D$4,"MCL",IF(Parametre_2018!I$4<>"",IF(N72<=Parametre_2018!I$4,IF(Parametre_2018!J$4<>"",IF(O72<=Parametre_2018!J$4,"CL",""),"CL"),""),IF(Parametre_2018!J$4<>"",IF(O72<=Parametre_2018!J$4,"CL",""),"CL"))),"MCL")),IF(Q72<>"",IF(AND(Q72>Parametre_2018!B$4,Q72<=Parametre_2018!H$4),IF(Parametre_2018!I$4<>"",IF(N72<=Parametre_2018!I$4,IF(Parametre_2018!J$4<>"",IF(O72<=Parametre_2018!J$4,"CL",""),"CL"),""),IF(Parametre_2018!J$4<>"",IF(O72<=Parametre_2018!J$4,"CL",""),"CL")),""),"")),"")
A73: 93 | B73: A | C73: Roštár | D73: Marek | E73: Bc. | F73: IS 2 | G73: 43262 | H73: 4p-IS-SI | I73: Rozinajová | J73: Gašpar | K73: Personalizované odporúčanie so zohľadnením vizuálnych vplyvov | L73: doc. Ing. Michal Kompan, PhD. | M73: Ing. Peter Gašpar | N73: C | O73: C | P73: 1.95 | Q73: 1.96 | U73: =IF(OR(V73<>"",Y73<>"",AB73<>""),"Navrh","") | X73: A | Y73: =IF(Q73<>"",IF(Q73<=1.2,IF(O73="A","CR",IF(V73<>"",IF(Parametre_2018!N$4=1,IF(LEFT(V73,1)="1",IF(V73<>"",IF(Parametre_2018!O$4<>"",IF(N73<=Parametre_2018!O$4,IF(V73<>"",IF(Parametre_2018!P$4<>"",IF(O73<=Parametre_2018!P$4,"PLD",""),"PLD"),""),""),IF(V73<>"",IF(Parametre_2018!P$4<>"",IF(O73<=Parametre_2018!P$4,"PLD",""),"PLD"),"")),""),""),IF(V73<>"",IF(Parametre_2018!O$4<>"",IF(N73<=Parametre_2018!O$4,IF(V73<>"",IF(Parametre_2018!P$4<>"",IF(O73<=Parametre_2018!P$4,"PLD",""),"PLD"),""),""),IF(V73<>"",IF(Parametre_2018!P$4<>"",IF(O73<=Parametre_2018!P$4,"PLD",""),"PLD"),"")),"")),"")),IF(V73<>"",IF(Parametre_2018!N$4=1,IF(LEFT(V73,1)="1",IF(V73<>"",IF(Parametre_2018!O$4<>"",IF(N73<=Parametre_2018!O$4,IF(V73<>"",IF(Parametre_2018!P$4<>"",IF(O73<=Parametre_2018!P$4,"PLD",""),"PLD"),""),""),IF(V73<>"",IF(Parametre_2018!P$4<>"",IF(O73<=Parametre_2018!P$4,"PLD",""),"PLD"),"")),""),""),IF(V73<>"",IF(Parametre_2018!O$4<>"",IF(N73<=Parametre_2018!O$4,IF(V73<>"",IF(Parametre_2018!P$4<>"",IF(O73<=Parametre_2018!P$4,"PLD",""),"PLD"),""),""),IF(V73<>"",IF(Parametre_2018!P$4<>"",IF(O73<=Parametre_2018!P$4,"PLD",""),"PLD"),"")),"")),"")),"") | AB73: =IF(Q73<>"",IF(Q73<=Parametre_2018!B$4,IF(Parametre_2018!C$4<>"",IF(N73<=Parametre_2018!C$4,IF(Parametre_2018!D$4<>"",IF(O73<=Parametre_2018!D$4,"MCL",IF(Parametre_2018!I$4<>"",IF(N73<=Parametre_2018!I$4,IF(Parametre_2018!J$4<>"",IF(O73<=Parametre_2018!J$4,"CL",""),"CL"),""),IF(Parametre_2018!J$4<>"",IF(O73<=Parametre_2018!J$4,"CL",""),"CL"))),"MCL"),IF(Parametre_2018!I$4<>"",IF(N73<=Parametre_2018!I$4,IF(Parametre_2018!J$4<>"",IF(O73<=Parametre_2018!J$4,"CL",""),"CL"),""),IF(Parametre_2018!J$4<>"",IF(O73<=Parametre_2018!J$4,"CL",""),"CL"))),IF(Parametre_2018!D$4<>"",IF(O73<=Parametre_2018!D$4,"MCL",IF(Parametre_2018!I$4<>"",IF(N73<=Parametre_2018!I$4,IF(Parametre_2018!J$4<>"",IF(O73<=Parametre_2018!J$4,"CL",""),"CL"),""),IF(Parametre_2018!J$4<>"",IF(O73<=Parametre_2018!J$4,"CL",""),"CL"))),"MCL")),IF(Q73<>"",IF(AND(Q73>Parametre_2018!B$4,Q73<=Parametre_2018!H$4),IF(Parametre_2018!I$4<>"",IF(N73<=Parametre_2018!I$4,IF(Parametre_2018!J$4<>"",IF(O73<=Parametre_2018!J$4,"CL",""),"CL"),""),IF(Parametre_2018!J$4<>"",IF(O73<=Parametre_2018!J$4,"CL",""),"CL")),""),"")),"")
A74: 91 | B74: A | C74: Redajová | D74: Martina | E74: Bc. | F74: IS 2 | G74: 43262 | H74: 1p-IS | I74: Bieliková | J74: Pecár | K74: Automatické získavanie charakteristík používateľa pomocou sledovania pohľadu | L74: Ing. Jakub Šimko, PhD. | M74: Mgr. Jozef Tvarožek, PhD. | N74: A | O74: B | P74: 2.09 | Q74: 1.97 | U74: =IF(OR(V74<>"",Y74<>"",AB74<>""),"Navrh","") | X74: A | Y74: =IF(Q74<>"",IF(Q74<=1.2,IF(O74="A","CR",IF(V74<>"",IF(Parametre_2018!N$4=1,IF(LEFT(V74,1)="1",IF(V74<>"",IF(Parametre_2018!O$4<>"",IF(N74<=Parametre_2018!O$4,IF(V74<>"",IF(Parametre_2018!P$4<>"",IF(O74<=Parametre_2018!P$4,"PLD",""),"PLD"),""),""),IF(V74<>"",IF(Parametre_2018!P$4<>"",IF(O74<=Parametre_2018!P$4,"PLD",""),"PLD"),"")),""),""),IF(V74<>"",IF(Parametre_2018!O$4<>"",IF(N74<=Parametre_2018!O$4,IF(V74<>"",IF(Parametre_2018!P$4<>"",IF(O74<=Parametre_2018!P$4,"PLD",""),"PLD"),""),""),IF(V74<>"",IF(Parametre_2018!P$4<>"",IF(O74<=Parametre_2018!P$4,"PLD",""),"PLD"),"")),"")),"")),IF(V74<>"",IF(Parametre_2018!N$4=1,IF(LEFT(V74,1)="1",IF(V74<>"",IF(Parametre_2018!O$4<>"",IF(N74<=Parametre_2018!O$4,IF(V74<>"",IF(Parametre_2018!P$4<>"",IF(O74<=Parametre_2018!P$4,"PLD",""),"PLD"),""),""),IF(V74<>"",IF(Parametre_2018!P$4<>"",IF(O74<=Parametre_2018!P$4,"PLD",""),"PLD"),"")),""),""),IF(V74<>"",IF(Parametre_2018!O$4<>"",IF(N74<=Parametre_2018!O$4,IF(V74<>"",IF(Parametre_2018!P$4<>"",IF(O74<=Parametre_2018!P$4,"PLD",""),"PLD"),""),""),IF(V74<>"",IF(Parametre_2018!P$4<>"",IF(O74<=Parametre_2018!P$4,"PLD",""),"PLD"),"")),"")),"")),"") | AB74: =IF(Q74<>"",IF(Q74<=Parametre_2018!B$4,IF(Parametre_2018!C$4<>"",IF(N74<=Parametre_2018!C$4,IF(Parametre_2018!D$4<>"",IF(O74<=Parametre_2018!D$4,"MCL",IF(Parametre_2018!I$4<>"",IF(N74<=Parametre_2018!I$4,IF(Parametre_2018!J$4<>"",IF(O74<=Parametre_2018!J$4,"CL",""),"CL"),""),IF(Parametre_2018!J$4<>"",IF(O74<=Parametre_2018!J$4,"CL",""),"CL"))),"MCL"),IF(Parametre_2018!I$4<>"",IF(N74<=Parametre_2018!I$4,IF(Parametre_2018!J$4<>"",IF(O74<=Parametre_2018!J$4,"CL",""),"CL"),""),IF(Parametre_2018!J$4<>"",IF(O74<=Parametre_2018!J$4,"CL",""),"CL"))),IF(Parametre_2018!D$4<>"",IF(O74<=Parametre_2018!D$4,"MCL",IF(Parametre_2018!I$4<>"",IF(N74<=Parametre_2018!I$4,IF(Parametre_2018!J$4<>"",IF(O74<=Parametre_2018!J$4,"CL",""),"CL"),""),IF(Parametre_2018!J$4<>"",IF(O74<=Parametre_2018!J$4,"CL",""),"CL"))),"MCL")),IF(Q74<>"",IF(AND(Q74>Parametre_2018!B$4,Q74<=Parametre_2018!H$4),IF(Parametre_2018!I$4<>"",IF(N74<=Parametre_2018!I$4,IF(Parametre_2018!J$4<>"",IF(O74<=Parametre_2018!J$4,"CL",""),"CL"),""),IF(Parametre_2018!J$4<>"",IF(O74<=Parametre_2018!J$4,"CL",""),"CL")),""),"")),"")
A75: 63 | B75: A | C75: Leško | D75: Matej | E75: Bc. | F75: SI 2 | G75: 43262 | H75: 3p-IS-SI | I75: Lucká | J75: Laurinec | K75: Automatizovaný agent pre párové obchodovanie | L75: doc. Ing. Peter Lacko, PhD. | M75: Mgr. Peter Laurinec | N75: D | O75: E | P75: 1.8 | Q75: 1.98 | U75: =IF(OR(V75<>"",Y75<>"",AB75<>""),"Navrh","") | Y75: =IF(Q75<>"",IF(Q75<=1.2,IF(O75="A","CR",IF(V75<>"",IF(Parametre_2018!N$4=1,IF(LEFT(V75,1)="1",IF(V75<>"",IF(Parametre_2018!O$4<>"",IF(N75<=Parametre_2018!O$4,IF(V75<>"",IF(Parametre_2018!P$4<>"",IF(O75<=Parametre_2018!P$4,"PLD",""),"PLD"),""),""),IF(V75<>"",IF(Parametre_2018!P$4<>"",IF(O75<=Parametre_2018!P$4,"PLD",""),"PLD"),"")),""),""),IF(V75<>"",IF(Parametre_2018!O$4<>"",IF(N75<=Parametre_2018!O$4,IF(V75<>"",IF(Parametre_2018!P$4<>"",IF(O75<=Parametre_2018!P$4,"PLD",""),"PLD"),""),""),IF(V75<>"",IF(Parametre_2018!P$4<>"",IF(O75<=Parametre_2018!P$4,"PLD",""),"PLD"),"")),"")),"")),IF(V75<>"",IF(Parametre_2018!N$4=1,IF(LEFT(V75,1)="1",IF(V75<>"",IF(Parametre_2018!O$4<>"",IF(N75<=Parametre_2018!O$4,IF(V75<>"",IF(Parametre_2018!P$4<>"",IF(O75<=Parametre_2018!P$4,"PLD",""),"PLD"),""),""),IF(V75<>"",IF(Parametre_2018!P$4<>"",IF(O75<=Parametre_2018!P$4,"PLD",""),"PLD"),"")),""),""),IF(V75<>"",IF(Parametre_2018!O$4<>"",IF(N75<=Parametre_2018!O$4,IF(V75<>"",IF(Parametre_2018!P$4<>"",IF(O75<=Parametre_2018!P$4,"PLD",""),"PLD"),""),""),IF(V75<>"",IF(Parametre_2018!P$4<>"",IF(O75<=Parametre_2018!P$4,"PLD",""),"PLD"),"")),"")),"")),"") | AB75: =IF(Q75<>"",IF(Q75<=Parametre_2018!B$4,IF(Parametre_2018!C$4<>"",IF(N75<=Parametre_2018!C$4,IF(Parametre_2018!D$4<>"",IF(O75<=Parametre_2018!D$4,"MCL",IF(Parametre_2018!I$4<>"",IF(N75<=Parametre_2018!I$4,IF(Parametre_2018!J$4<>"",IF(O75<=Parametre_2018!J$4,"CL",""),"CL"),""),IF(Parametre_2018!J$4<>"",IF(O75<=Parametre_2018!J$4,"CL",""),"CL"))),"MCL"),IF(Parametre_2018!I$4<>"",IF(N75<=Parametre_2018!I$4,IF(Parametre_2018!J$4<>"",IF(O75<=Parametre_2018!J$4,"CL",""),"CL"),""),IF(Parametre_2018!J$4<>"",IF(O75<=Parametre_2018!J$4,"CL",""),"CL"))),IF(Parametre_2018!D$4<>"",IF(O75<=Parametre_2018!D$4,"MCL",IF(Parametre_2018!I$4<>"",IF(N75<=Parametre_2018!I$4,IF(Parametre_2018!J$4<>"",IF(O75<=Parametre_2018!J$4,"CL",""),"CL"),""),IF(Parametre_2018!J$4<>"",IF(O75<=Parametre_2018!J$4,"CL",""),"CL"))),"MCL")),IF(Q75<>"",IF(AND(Q75>Parametre_2018!B$4,Q75<=Parametre_2018!H$4),IF(Parametre_2018!I$4<>"",IF(N75<=Parametre_2018!I$4,IF(Parametre_2018!J$4<>"",IF(O75<=Parametre_2018!J$4,"CL",""),"CL"),""),IF(Parametre_2018!J$4<>"",IF(O75<=Parametre_2018!J$4,"CL",""),"CL")),""),"")),"")
A76: 99 | B76: A | C76: Šidlo | D76: Martin | E76: Bc. | F76: IS 2 | G76: 43263 | H76: 1u-IS | I76: Bieliková | J76: Konôpka | K76: Identifikácia problémov použiteľnosti na Webe z údajov pohľadu používateľa | L76: Ing. Eduard Kuric, PhD. | M76: Ing. Róbert Móro, PhD. | N76: C | O76: D | P76: 1.87 | Q76: 2.01 | U76: =IF(OR(V76<>"",Y76<>"",AB76<>""),"Navrh","") | Y76: =IF(Q76<>"",IF(Q76<=1.2,IF(O76="A","CR",IF(V76<>"",IF(Parametre_2018!N$4=1,IF(LEFT(V76,1)="1",IF(V76<>"",IF(Parametre_2018!O$4<>"",IF(N76<=Parametre_2018!O$4,IF(V76<>"",IF(Parametre_2018!P$4<>"",IF(O76<=Parametre_2018!P$4,"PLD",""),"PLD"),""),""),IF(V76<>"",IF(Parametre_2018!P$4<>"",IF(O76<=Parametre_2018!P$4,"PLD",""),"PLD"),"")),""),""),IF(V76<>"",IF(Parametre_2018!O$4<>"",IF(N76<=Parametre_2018!O$4,IF(V76<>"",IF(Parametre_2018!P$4<>"",IF(O76<=Parametre_2018!P$4,"PLD",""),"PLD"),""),""),IF(V76<>"",IF(Parametre_2018!P$4<>"",IF(O76<=Parametre_2018!P$4,"PLD",""),"PLD"),"")),"")),"")),IF(V76<>"",IF(Parametre_2018!N$4=1,IF(LEFT(V76,1)="1",IF(V76<>"",IF(Parametre_2018!O$4<>"",IF(N76<=Parametre_2018!O$4,IF(V76<>"",IF(Parametre_2018!P$4<>"",IF(O76<=Parametre_2018!P$4,"PLD",""),"PLD"),""),""),IF(V76<>"",IF(Parametre_2018!P$4<>"",IF(O76<=Parametre_2018!P$4,"PLD",""),"PLD"),"")),""),""),IF(V76<>"",IF(Parametre_2018!O$4<>"",IF(N76<=Parametre_2018!O$4,IF(V76<>"",IF(Parametre_2018!P$4<>"",IF(O76<=Parametre_2018!P$4,"PLD",""),"PLD"),""),""),IF(V76<>"",IF(Parametre_2018!P$4<>"",IF(O76<=Parametre_2018!P$4,"PLD",""),"PLD"),"")),"")),"")),"") | AB76: =IF(Q76<>"",IF(Q76<=Parametre_2018!B$4,IF(Parametre_2018!C$4<>"",IF(N76<=Parametre_2018!C$4,IF(Parametre_2018!D$4<>"",IF(O76<=Parametre_2018!D$4,"MCL",IF(Parametre_2018!I$4<>"",IF(N76<=Parametre_2018!I$4,IF(Parametre_2018!J$4<>"",IF(O76<=Parametre_2018!J$4,"CL",""),"CL"),""),IF(Parametre_2018!J$4<>"",IF(O76<=Parametre_2018!J$4,"CL",""),"CL"))),"MCL"),IF(Parametre_2018!I$4<>"",IF(N76<=Parametre_2018!I$4,IF(Parametre_2018!J$4<>"",IF(O76<=Parametre_2018!J$4,"CL",""),"CL"),""),IF(Parametre_2018!J$4<>"",IF(O76<=Parametre_2018!J$4,"CL",""),"CL"))),IF(Parametre_2018!D$4<>"",IF(O76<=Parametre_2018!D$4,"MCL",IF(Parametre_2018!I$4<>"",IF(N76<=Parametre_2018!I$4,IF(Parametre_2018!J$4<>"",IF(O76<=Parametre_2018!J$4,"CL",""),"CL"),""),IF(Parametre_2018!J$4<>"",IF(O76<=Parametre_2018!J$4,"CL",""),"CL"))),"MCL")),IF(Q76<>"",IF(AND(Q76>Parametre_2018!B$4,Q76<=Parametre_2018!H$4),IF(Parametre_2018!I$4<>"",IF(N76<=Parametre_2018!I$4,IF(Parametre_2018!J$4<>"",IF(O76<=Parametre_2018!J$4,"CL",""),"CL"),""),IF(Parametre_2018!J$4<>"",IF(O76<=Parametre_2018!J$4,"CL",""),"CL")),""),"")),"")
A77: 14 | B77: A | C77: Buhaj | D77: Dávid | E77: Bc. | F77: SI 2 | G77: 43262 | H77: 8p-SI | I77: Kotuliak | J77: Košťál | K77: Smart Traffic – inteligentné riadenie premávky | L77: Ing. Ivana Hucková | M77: prof. Ing. Ivan Kotuliak, PhD. | N77: D | O77: D | P77: 1.89 | Q77: 2.02 | U77: =IF(OR(V77<>"",Y77<>"",AB77<>""),"Navrh","") | Y77: =IF(Q77<>"",IF(Q77<=1.2,IF(O77="A","CR",IF(V77<>"",IF(Parametre_2018!N$4=1,IF(LEFT(V77,1)="1",IF(V77<>"",IF(Parametre_2018!O$4<>"",IF(N77<=Parametre_2018!O$4,IF(V77<>"",IF(Parametre_2018!P$4<>"",IF(O77<=Parametre_2018!P$4,"PLD",""),"PLD"),""),""),IF(V77<>"",IF(Parametre_2018!P$4<>"",IF(O77<=Parametre_2018!P$4,"PLD",""),"PLD"),"")),""),""),IF(V77<>"",IF(Parametre_2018!O$4<>"",IF(N77<=Parametre_2018!O$4,IF(V77<>"",IF(Parametre_2018!P$4<>"",IF(O77<=Parametre_2018!P$4,"PLD",""),"PLD"),""),""),IF(V77<>"",IF(Parametre_2018!P$4<>"",IF(O77<=Parametre_2018!P$4,"PLD",""),"PLD"),"")),"")),"")),IF(V77<>"",IF(Parametre_2018!N$4=1,IF(LEFT(V77,1)="1",IF(V77<>"",IF(Parametre_2018!O$4<>"",IF(N77<=Parametre_2018!O$4,IF(V77<>"",IF(Parametre_2018!P$4<>"",IF(O77<=Parametre_2018!P$4,"PLD",""),"PLD"),""),""),IF(V77<>"",IF(Parametre_2018!P$4<>"",IF(O77<=Parametre_2018!P$4,"PLD",""),"PLD"),"")),""),""),IF(V77<>"",IF(Parametre_2018!O$4<>"",IF(N77<=Parametre_2018!O$4,IF(V77<>"",IF(Parametre_2018!P$4<>"",IF(O77<=Parametre_2018!P$4,"PLD",""),"PLD"),""),""),IF(V77<>"",IF(Parametre_2018!P$4<>"",IF(O77<=Parametre_2018!P$4,"PLD",""),"PLD"),"")),"")),"")),"") | AB77: =IF(Q77<>"",IF(Q77<=Parametre_2018!B$4,IF(Parametre_2018!C$4<>"",IF(N77<=Parametre_2018!C$4,IF(Parametre_2018!D$4<>"",IF(O77<=Parametre_2018!D$4,"MCL",IF(Parametre_2018!I$4<>"",IF(N77<=Parametre_2018!I$4,IF(Parametre_2018!J$4<>"",IF(O77<=Parametre_2018!J$4,"CL",""),"CL"),""),IF(Parametre_2018!J$4<>"",IF(O77<=Parametre_2018!J$4,"CL",""),"CL"))),"MCL"),IF(Parametre_2018!I$4<>"",IF(N77<=Parametre_2018!I$4,IF(Parametre_2018!J$4<>"",IF(O77<=Parametre_2018!J$4,"CL",""),"CL"),""),IF(Parametre_2018!J$4<>"",IF(O77<=Parametre_2018!J$4,"CL",""),"CL"))),IF(Parametre_2018!D$4<>"",IF(O77<=Parametre_2018!D$4,"MCL",IF(Parametre_2018!I$4<>"",IF(N77<=Parametre_2018!I$4,IF(Parametre_2018!J$4<>"",IF(O77<=Parametre_2018!J$4,"CL",""),"CL"),""),IF(Parametre_2018!J$4<>"",IF(O77<=Parametre_2018!J$4,"CL",""),"CL"))),"MCL")),IF(Q77<>"",IF(AND(Q77>Parametre_2018!B$4,Q77<=Parametre_2018!H$4),IF(Parametre_2018!I$4<>"",IF(N77<=Parametre_2018!I$4,IF(Parametre_2018!J$4<>"",IF(O77<=Parametre_2018!J$4,"CL",""),"CL"),""),IF(Parametre_2018!J$4<>"",IF(O77<=Parametre_2018!J$4,"CL",""),"CL")),""),"")),"")
A78: 112 | B78: A | C78: Visokai | D78: Lukáš | E78: Bc. | F78: SI 2 | G78: 43263 | H78: 8u-IS-SI | I78: Kotuliak | J78: Doubravský | K78: Automatická zmena pozície bezdrôtových lietajúcich zariadení na základe dynamických zmien v komunikačnej sieti | L78: Ing. Viktor Šulák | M78: Ing. Pavol Helebrandt, PhD. | N78: A | O78: E | P78: 1.83 | Q78: 2.04 | U78: =IF(OR(V78<>"",Y78<>"",AB78<>""),"Navrh","") | X78: A | Y78: =IF(Q78<>"",IF(Q78<=1.2,IF(O78="A","CR",IF(V78<>"",IF(Parametre_2018!N$4=1,IF(LEFT(V78,1)="1",IF(V78<>"",IF(Parametre_2018!O$4<>"",IF(N78<=Parametre_2018!O$4,IF(V78<>"",IF(Parametre_2018!P$4<>"",IF(O78<=Parametre_2018!P$4,"PLD",""),"PLD"),""),""),IF(V78<>"",IF(Parametre_2018!P$4<>"",IF(O78<=Parametre_2018!P$4,"PLD",""),"PLD"),"")),""),""),IF(V78<>"",IF(Parametre_2018!O$4<>"",IF(N78<=Parametre_2018!O$4,IF(V78<>"",IF(Parametre_2018!P$4<>"",IF(O78<=Parametre_2018!P$4,"PLD",""),"PLD"),""),""),IF(V78<>"",IF(Parametre_2018!P$4<>"",IF(O78<=Parametre_2018!P$4,"PLD",""),"PLD"),"")),"")),"")),IF(V78<>"",IF(Parametre_2018!N$4=1,IF(LEFT(V78,1)="1",IF(V78<>"",IF(Parametre_2018!O$4<>"",IF(N78<=Parametre_2018!O$4,IF(V78<>"",IF(Parametre_2018!P$4<>"",IF(O78<=Parametre_2018!P$4,"PLD",""),"PLD"),""),""),IF(V78<>"",IF(Parametre_2018!P$4<>"",IF(O78<=Parametre_2018!P$4,"PLD",""),"PLD"),"")),""),""),IF(V78<>"",IF(Parametre_2018!O$4<>"",IF(N78<=Parametre_2018!O$4,IF(V78<>"",IF(Parametre_2018!P$4<>"",IF(O78<=Parametre_2018!P$4,"PLD",""),"PLD"),""),""),IF(V78<>"",IF(Parametre_2018!P$4<>"",IF(O78<=Parametre_2018!P$4,"PLD",""),"PLD"),"")),"")),"")),"") | AB78: =IF(Q78<>"",IF(Q78<=Parametre_2018!B$4,IF(Parametre_2018!C$4<>"",IF(N78<=Parametre_2018!C$4,IF(Parametre_2018!D$4<>"",IF(O78<=Parametre_2018!D$4,"MCL",IF(Parametre_2018!I$4<>"",IF(N78<=Parametre_2018!I$4,IF(Parametre_2018!J$4<>"",IF(O78<=Parametre_2018!J$4,"CL",""),"CL"),""),IF(Parametre_2018!J$4<>"",IF(O78<=Parametre_2018!J$4,"CL",""),"CL"))),"MCL"),IF(Parametre_2018!I$4<>"",IF(N78<=Parametre_2018!I$4,IF(Parametre_2018!J$4<>"",IF(O78<=Parametre_2018!J$4,"CL",""),"CL"),""),IF(Parametre_2018!J$4<>"",IF(O78<=Parametre_2018!J$4,"CL",""),"CL"))),IF(Parametre_2018!D$4<>"",IF(O78<=Parametre_2018!D$4,"MCL",IF(Parametre_2018!I$4<>"",IF(N78<=Parametre_2018!I$4,IF(Parametre_2018!J$4<>"",IF(O78<=Parametre_2018!J$4,"CL",""),"CL"),""),IF(Parametre_2018!J$4<>"",IF(O78<=Parametre_2018!J$4,"CL",""),"CL"))),"MCL")),IF(Q78<>"",IF(AND(Q78>Parametre_2018!B$4,Q78<=Parametre_2018!H$4),IF(Parametre_2018!I$4<>"",IF(N78<=Parametre_2018!I$4,IF(Parametre_2018!J$4<>"",IF(O78<=Parametre_2018!J$4,"CL",""),"CL"),""),IF(Parametre_2018!J$4<>"",IF(O78<=Parametre_2018!J$4,"CL",""),"CL")),""),"")),"")
A79: 39 | B79: A | C79: Guráň | D79: Matej | E79: Bc. | F79: SI 2 | G79: 43263 | H79: 8u-IS-SI | I79: Kotuliak | J79: Doubravský | K79: Interoperabilita a kompatibilita v heterogénnom M2M prostredí | L79: prof. Ing. Pavel Čičák, PhD. | M79: Dr. Ing. Michal Ries | N79: A | O79: A | P79: 2.25 | Q79: 2.06 | U79: =IF(OR(V79<>"",Y79<>"",AB79<>""),"Navrh","") -> Navrh | V79: 1 | Y79: =IF(Q79<>"",IF(Q79<=1.2,IF(O79="A","CR",IF(V79<>"",IF(Parametre_2018!N$4=1,IF(LEFT(V79,1)="1",IF(V79<>"",IF(Parametre_2018!O$4<>"",IF(N79<=Parametre_2018!O$4,IF(V79<>"",IF(Parametre_2018!P$4<>"",IF(O79<=Parametre_2018!P$4,"PLD",""),"PLD"),""),""),IF(V79<>"",IF(Parametre_2018!P$4<>"",IF(O79<=Parametre_2018!P$4,"PLD",""),"PLD"),"")),""),""),IF(V79<>"",IF(Parametre_2018!O$4<>"",IF(N79<=Parametre_2018!O$4,IF(V79<>"",IF(Parametre_2018!P$4<>"",IF(O79<=Parametre_2018!P$4,"PLD",""),"PLD"),""),""),IF(V79<>"",IF(Parametre_2018!P$4<>"",IF(O79<=Parametre_2018!P$4,"PLD",""),"PLD"),"")),"")),"")),IF(V79<>"",IF(Parametre_2018!N$4=1,IF(LEFT(V79,1)="1",IF(V79<>"",IF(Parametre_2018!O$4<>"",IF(N79<=Parametre_2018!O$4,IF(V79<>"",IF(Parametre_2018!P$4<>"",IF(O79<=Parametre_2018!P$4,"PLD",""),"PLD"),""),""),IF(V79<>"",IF(Parametre_2018!P$4<>"",IF(O79<=Parametre_2018!P$4,"PLD",""),"PLD"),"")),""),""),IF(V79<>"",IF(Parametre_2018!O$4<>"",IF(N79<=Parametre_2018!O$4,IF(V79<>"",IF(Parametre_2018!P$4<>"",IF(O79<=Parametre_2018!P$4,"PLD",""),"PLD"),""),""),IF(V79<>"",IF(Parametre_2018!P$4<>"",IF(O79<=Parametre_2018!P$4,"PLD",""),"PLD"),"")),"")),"")),"") -> PLD | AA79: NIE | AB79: =IF(Q79<>"",IF(Q79<=Parametre_2018!B$4,IF(Parametre_2018!C$4<>"",IF(N79<=Parametre_2018!C$4,IF(Parametre_2018!D$4<>"",IF(O79<=Parametre_2018!D$4,"MCL",IF(Parametre_2018!I$4<>"",IF(N79<=Parametre_2018!I$4,IF(Parametre_2018!J$4<>"",IF(O79<=Parametre_2018!J$4,"CL",""),"CL"),""),IF(Parametre_2018!J$4<>"",IF(O79<=Parametre_2018!J$4,"CL",""),"CL"))),"MCL"),IF(Parametre_2018!I$4<>"",IF(N79<=Parametre_2018!I$4,IF(Parametre_2018!J$4<>"",IF(O79<=Parametre_2018!J$4,"CL",""),"CL"),""),IF(Parametre_2018!J$4<>"",IF(O79<=Parametre_2018!J$4,"CL",""),"CL"))),IF(Parametre_2018!D$4<>"",IF(O79<=Parametre_2018!D$4,"MCL",IF(Parametre_2018!I$4<>"",IF(N79<=Parametre_2018!I$4,IF(Parametre_2018!J$4<>"",IF(O79<=Parametre_2018!J$4,"CL",""),"CL"),""),IF(Parametre_2018!J$4<>"",IF(O79<=Parametre_2018!J$4,"CL",""),"CL"))),"MCL")),IF(Q79<>"",IF(AND(Q79>Parametre_2018!B$4,Q79<=Parametre_2018!H$4),IF(Parametre_2018!I$4<>"",IF(N79<=Parametre_2018!I$4,IF(Parametre_2018!J$4<>"",IF(O79<=Parametre_2018!J$4,"CL",""),"CL"),""),IF(Parametre_2018!J$4<>"",IF(O79<=Parametre_2018!J$4,"CL",""),"CL")),""),"")),"")
